"filename","inv_num","ee_id_show","year","h","w","x"
"lpmm-2023-059-web-ih-x4sRx-1.jpg","2023-059",,,300,475,
"girl-w--pearl-earring-2022-061-web-ih-nQT8o-3.jpg","2022-021",,20222024,300,450,
"girl-w--pearl-earring-2022-061-web-ih-nQT8o-2.jpg","2022-061",,20222024,300,496,
"girl-w--pearl-earring-2022-061-web-ih-nQT8o-5.jpg","2022-061",,20222024,300,249,
"girl-w--pearl-earring-2022-061-web-ih-nQT8o-6.jpg","2022-061",,20222024,300,534,
"lpmm-2023-059-web-ih-riUxu-1.jpg","2023-059",715,2024,300,553,
"femmes-2023-034-web-es-Xcmyp-6.jpg","2023-034",691,2024,300,453,
"femmes-2023-034-web-es-Xcmyp-3.jpg","2023-034",691,2024,300,451,
"ca-2024-027-web-ih-4vcBm-1.jpg","2024-027",691,2024,300,300,
"ca-dalle-2024-010-web-ih-ubc3I-1.jpg","2024-010",691,2024,300,525,
"water-wind-fire-2023-055-web-ih-qD7Ni-2.jpg","2023-055",716,2024,300,534,
"water-wind-fire-2023-055-web-ih-qD7Ni-1.jpg","2023-055",716,2024,300,534,
"water-wind-fire-2023-055-web-ih-qD7Ni-4.jpg","2023-055",716,2024,300,534,
"water-wind-fire-2023-055-web-ih-qD7Ni-3.jpg","2023-055",716,2024,300,534,
"cookery-2024-005-web-ih-rju98-1.jpg","2024-005",,2024,300,299,
"lets-play-majeurs-g3-2024-04-web-jz-PEemZ-1.jpeg",,715,2004,300,251,
"lets-play-majeurs-g3-2024-04-web-jz-PEemZ-4.jpeg",,715,20112012,300,400,
"lets-play-majeurs-g3-2024-04-web-jz-PEemZ-5.jpeg",,715,2004,300,396,
"lets-play-majeurs-g3-2024-04-web-jz-PEemZ-6.jpeg",,715,2004,300,400,
"lets-play-majeurs-g3-2024-04-web-jz-PEemZ-7.jpeg",,715,20112012,300,409,
"lets-play-majeurs-g3-2024-04-web-jz-PEemZ-8.jpeg",,715,20112012,300,398,
"lets-play-majeurs-g3-2024-04-web-jz-PEemZ-9.jpeg",,715,2024,300,390,
"lets-play-majeurs-g3-2024-04-web-jz-PEemZ-3.jpeg",,715,2024,300,385,
"alu-2023-060-web-mme-CejyH-1.jpg","2023-060",,2023,300,310,
"alu-2023-061-web-mme-g7NDw-1.jpg","2023-061",,2023,300,310,
"ppca-2023-038-web-ih-LXjeu-2.jpg","2023-038",,2023,300,162,
"ppca-2023-038-web-ih-LXjeu-1.jpg","2023-038",,2023,300,162,
"lpmm-2023-059-web-ih-poqpJ-5.jpg","2023-059",,2024,300,556,
"lpmm-2023-059-web-ih-poqpJ-4.jpg","2023-059",,2024,300,556,
"lpmm-2023-059-web-ih-poqpJ-2.jpg","2023-059",,2024,300,556,
"let-s-play-majerus-g3-2024-002-web-ih-g8HEJ-2.jpg","2017-045",,20172024,300,400,
"let-s-play-majerus-g3-2024-002-web-ih-g8HEJ-4.jpg","2017-045",,20172024,300,400,
"let-s-play-majerus-g3-2024-002-web-ih-g8HEJ-1.jpg","2017-045",,20172024,300,400,
"let-s-play-majerus-g3-2024-002-web-ih-g8HEJ-3.jpg","2017-045",,20172024,300,400,
"paperless-prints-2024-02-web-ih-dDFSk-9.jpeg","2010-070",731,20102023,300,400,
"21-11-2023-11-31-35-input-gb-po-1913-2023-056-web-na-ndhPl-1.jpeg","2023-056",726,2023,300,243,
"the-persistence-of-time-2024-01-web-tg-4rTNw-1.jpeg","2023-056",726,2023,300,450,
"alu-2023-025-web-lg-XnXs0-1.jpg","2023-025",,2023,300,300,
"alu-2023-025-web-lg-XnXs0-7.jpg","2023-025",,2023,300,225,
"alu-2023-026-web-lg-OYzPi-1.jpg","2023-026",,2023,300,300,
"alu-2023-026-web-lg-OYzPi-4.jpg","2023-026",,2023,300,400,
"alu-2023-027-web-lg-y7I0M-3.jpg","2023-027",,2023,300,400,
"alu-2023-027-web-lg-y7I0M-6.jpg","2023-027",,2023,300,225,
"alu-2023-028-web-lg-d7uYU-1.jpg","2023-028",,2023,300,300,
"alu-2023-028-web-lg-d7uYU-6.jpg","2023-028",,2023,300,225,
"alu-2023-029-web-lg-6pxlK-1.jpg","2023-029",,2023,300,300,
"alu-2023-030-web-lg-hwbh9-2.jpg","2023-030",,2023,300,400,
"father-figure-2023-039-web-lg-D4Vp4-1.jpg","2023-039",,2023,300,227,
"rcp-2023-040-web-lg-QqKIg-1.jpg","2023-040",,2023,300,227,
"rcp-2023-041-web-ih-QWdZL-1.jpg","2023-041",,2023,300,227,
"rcp-2023-043-web-lg-Cg2hw-1.jpg","2023-043",,2023,300,227,
"rcp-2023-045-web-ih-CpiQD-1.jpg","2023-045",,2023,300,227,
"~3-2022-057-web-sa--0W0V.jpg","2022-057",,2022,300,225,
"~3-2022-057-web-sa--fuBF.jpg","2022-057",,2022,300,225,
"~3-2022-057-web-sa--D3xA.jpg","2022-057",,2022,300,225,
"~3-2023-001-web-sa--NFSs.jpg","2023-001",,2023,300,225,
"~3-2023-001-web-sa--A4ye.jpg","2023-001",,2023,300,225,
"~3-2023-002-web-sa--hpiA.jpg","2023-002",,2023,300,225,
"~3-2023-003-web-sa--hUNv.jpg","2023-003",,2023,300,225,
"~3-2023-004-web-sa--6v1u.jpg","2023-004",,2023,300,225,
"3--2022-044-web-jh--00z4.jpg","2022-044",,2022,300,225,
"3--2022-045-web-jh--tpLb.jpg","2022-045",,2022,300,400,
"rtyi-2020-075-web-ih--vLLX.jpg","2020-075",,2021,300,532,
"♨~3-2023-005-web-vk--pF77.jpg","2023-005",,2023,300,225,
"ip-2022-056-web-ih--2PRa.jpg","2022-056",,,300,449,
"ip-2022-056-web-ih--YBM9.jpg","2022-056",,,300,449,
"ip-2022-056-web-ih--Xo2Z.jpg","2022-056",,,300,449,
"ip-2022-056-web-ih--r7h1.jpg","2022-056",,,300,449,
"ip-2022-056-web-ih--N1cD.jpg","2022-056",,,300,449,
"ip-2022-056-web-ih--IyXd.jpg","2022-056",,,300,449,
"ip-2022-056-web-ih--hjyL.jpg","2022-056",,,300,449,
"ip-2022-056-web-ih--fX7y.jpg","2022-056",,,300,449,
"ip-2022-056-web-ih--Fjh4.jpg","2022-056",,,300,449,
"ip-2022-056-web-ih--AhGP.jpg","2022-056",,,300,449,
"ip-2022-056-web-ih--7Lfh.jpg","2022-056",,,300,449,
"flying-foxes-2022-011-web-fd--zsN4.jpg",,5002,2022,300,450,
"flying-foxes-2022-011-web-fd--2oZY.jpg",,5002,2022,300,450,
"flying-foxes-2022-011-web-fd--3CVG.jpg",,5002,2022,300,450,
"flying-foxes-2022-11-web-fd--3Xli.jpg",,5002,2022,300,450,
"flying-foxes-2022-11-web-fd--AbsV.jpg",,5002,2022,300,450,
"flying-foxes-2022-011-web-fd--B80t.jpg",,5002,2022,300,450,
"flying-foxes-2022-11-web-fd--Flx0.jpg",,5002,2022,300,450,
"flying-foxes-2022-011-web-fd--FQFA.jpg",,5002,2022,300,450,
"flying-foxes-2022-11-web-fd--geOz.jpg",,5002,2022,300,450,
"flying-foxes-2022-11-web-fd--hjv0.jpg",,5002,2022,300,450,
"flying-foxes-2022-011-web-fd--LeJN.jpg",,5002,2022,300,450,
"flying-foxes-2022-011-web-fd--Mm0Z.jpg",,5002,2022,300,450,
"flying-foxes-2022-11-web-fd--Oo6z.jpg",,5002,2022,300,450,
"flying-foxes-2022-11-web-fd--opDR.jpg",,5002,2022,300,450,
"flying-foxes-2022-011-web-fd--pM2d.jpg",,5002,2022,300,450,
"flying-foxes-2022-011-web-fd--PuCE.jpg",,5002,2022,300,450,
"flying-foxes-2022-011-web-fd--qQA9.jpg",,5002,2022,300,450,
"flying-foxes-2022-011-web-fd--sQYG.jpg",,5002,2022,300,450,
"flying-foxes-2022-011-web-fd--tUQn.jpg",,5002,2022,300,450,
"flying-foxes-2022-11-web-fd--uDcV.jpg",,5002,2022,300,450,
"flying-foxes-2022-11-web-fd--UmsN.jpg",,5002,2022,300,450,
"flying-foxes-2022-011-web-fd--Y8Rr.jpg",,5002,2023,300,450,
"what-2023-019-web-ih--dQ3P.jpg","2023-019",,2023,300,519,
"3--2022-05-web-mw--fAYD.jpg",,5006,2022,300,450,
"3--2022-05-web-mw--AfFn.jpg",,5006,2022,300,450,
"flying-fox-2022-031-web-ih--yzDT.jpg","2022-031",,2022,300,300,
"pe-2022-043-web-ih--NxKs.jpg","2022-043",,2022,300,218,
"3-edition-2022-046-web-ih--nP4A.jpg","2022-046",,2022,300,225,
"pe-2022-047-web-ih--4GEj.jpg","2022-047",,2022,300,218,
"pe-2022-048-web-ih--4Y63.jpg","2022-048",,2022,300,218,
"pe-2022-049-web-ih--JRJL.jpg","2022-049",,2022,300,218,
"pe-2022-050-web-ih--FEtF.jpg","2022-050",,2022,300,218,
"ip-2020-021-web-ih--zt0t.jpg","2020-021",,2022,300,300,
"hail-mary-2022-015-web-ih--QR2g.jpg","2022-015",,2022,300,443,
"flatware-2022-004-web-ih--CxTe.jpg","2022-004",,2022,300,225,
"flatware-2022-006-web-ih--muI4.jpg","2022-006",,2022,300,225,
"flatware-2022-009-web-ih--rg5T.jpg","2022-009",,2022,300,225,
"flatware-2022-010-web-ih--g22s.jpg","2022-010",,2022,300,225,
"404-lissongallery-com-2021-XX-web-ih--gVZj.jpg",,5004,2021,300,450,
"404-lissongallery-com-2021-XX-web-ih--ioct.jpg",,5004,2021,300,200,
"404-lissongallery-com-2021-XX-web-ih--mgF4.jpg",,5004,2021,300,450,"n"
"404-lissongallery-com-2021-XX-web-ih--O87W.jpg",,5004,2021,300,450,"n"
"remind-me-tomorrow-2021-04-web-ih--JANa.jpg",,5001,2021,300,553,
"remind-me-tomorrow-2021-04-web-ih--L6bI.jpg",,5001,2021,300,553,
"remind-me-tomorrow-2021-04-web-ih--QZYt.jpg",,5001,2021,300,553,
"remind-me-tomorrow-2021-04-web-ih--RPyS.jpg",,5001,2021,300,553,
"remind-me-tomorrow-2021-04-web-ih--RyR5.jpg",,5001,2021,300,553,"n"
"remind-me-tomorrow-2021-04-web-ih--coHR.jpg",,5001,2021,300,553,
"remind-me-tomorrow-2021-04-web-ih--eAYD.jpg",,5001,2021,300,553,
"remind-me-tomorrow-2021-04-web-ih--rr33.jpg",,5001,2021,300,553,
"remind-me-tomorrow-2021-04-web-ih--1Xyl.jpg",,5001,2021,300,553,
"remind-me-tomorrow-2021-04-web-ih--ARwk.jpg",,5001,2021,300,553,
"c21-2021-03-web-za--Wdl7.jpg",,5000,2021,300,450,
"c21-2021-03-web-za--RoMy.jpg",,5000,2021,300,484,
"c21-2021-03-web-za--Q0iv.jpg",,5000,2021,300,475,
"c21-2021-03-web-za--PkPx.jpg",,5000,2021,300,450,
"c21-2021-03-web-za--OGfR.jpg",,5000,2021,300,501,
"c21-2021-03-web-za--NITs.jpg",,5000,2021,300,450,
"c21-2021-03-web-za--NiTo.jpg",,5000,2021,300,437,
"c21-2021-03-web-za--lWNZ.jpg",,5000,2021,300,450,
"c21-2021-03-web-za--LM4f.jpg",,5000,2021,300,450,
"c21-2021-03-web-za--KXYX.jpg",,5000,2021,300,450,
"c21-2021-03-web-za--Kfcm.jpg",,5000,2021,300,409,
"c21-2021-03-web-za--DLFF.jpg",,5000,2021,300,450,
"c21-2021-03-web-za--d6cT.jpg",,5000,2021,300,450,
"remind-me-tomorrow-2021-04-web-ih--coHR.jpg","2013-127",,2021,300,553,
"nachos-2021-001-web-ih--irAB.jpg","2021-001",,2021,300,299,
"qpy-2021-002-web-za--JRzW.jpg","2021-002",,2021,300,338,
"rodeo-2021-004-web-ih--0B2j.jpg","2021-004",,2021,300,533,
"rodeo-2021-004-web-ih--PIZX.jpg","2021-004",,2021,300,533,
"rodeo-2021-004-web-ih--txLI.jpg","2021-004",,2021,300,533,
"screenslate-2020-08-web-ih--JE6K.jpg",,4501,2020,300,475,
"screenslate-2020-08-web-ih--aqg3.jpg",,4501,2020,300,475,
"screenslate-2020-08-web-ih--ta9P.jpg",,4501,2020,300,532,
"screenslate-2020-08-web-ih--SuAD.jpg",,4501,2020,300,475,
"screenslate-2020-08-web-ih--U4Jm.jpg",,4501,2020,300,475,
"screenslate-2020-08-web-ih--XX1d.jpg",,4501,2020,300,475,
"greene-naftali-frieze-2020--web-ih--TKps.jpg",,4503,2020,300,450,
"greene-naftali-frieze-2020--web-ih--rauE.jpg",,4503,2020,300,436,
"greene-naftali-frieze-2020--web-ih--Yhjt.jpg",,4503,2020,300,408,
"greene-naftali-frieze-2020--web-ih--zumV.jpg",,4503,2020,300,450,
"greene-naftali-frieze-2020-XX-web-ih--osaQ.jpg",,4503,2020,300,400,
"greene-naftali-frieze-2020-XX-web-ih--uzSr.jpg",,4503,2020,300,400,
"lv-2020-07-web-sm--CVeL.jpg",,4507,2020,300,560,
"lv-2020-07-web-sm--DJFW.jpg",,4507,2020,300,324,
"lv-2020-07-web-sm--faVh.jpg",,4507,2020,300,331,
"lv-2020-07-web-sm--91eI.jpg",,4507,2020,300,222,
"overwrite-2020-07-db-gn--8WxP.jpg",,4470,2020,300,464,
"overwrite-2020-07-db-gn--mIpx.jpg",,4470,2020,300,511,"n"
"overwrite-2020-07-db-gn--17oR.jpg",,4470,2020,300,385,"n"
"overwrite-2020-07-db-gn--f1zQ.jpg",,4470,2020,300,450,
"overwrite-2020-07-db-gn--fpf9.jpg",,4470,2020,300,491,"n"
"overwrite-2020-07-db-gn--hJxu.jpg",,4470,2020,300,439,
"overwrite-2020-07-db-gn--Horf.jpg",,4470,2020,300,450,
"overwrite-2020-07-db-gn--hvTy.jpg",,4470,2020,300,436,
"black-adidas-2020-042-web-ih--Qzk0.jpg","2020-042",,2020,300,538,
"purple-adidas-2020-041-web-ih--ljMd.jpg","2020-041",,2020,300,181,
"worout-2020-039-web-za--4acl.jpg","2020-039",,2020,300,213,
"worout-2020-039-web-za--CNGs.jpg","2020-039",,2020,300,200,
"worout-2020-039-web-za--Nlfy.jpg","2020-039",,2020,300,200,
"worout-2020-039-web-za--OrwS.jpg","2020-039",,2020,300,200,
"worout-2020-039-web-za--wfyf.jpg","2020-039",,2020,300,184,
"worout-2020-039-web-za--wsH6.jpg","2020-039",,2020,300,204,
"nyartist-2020-035-db-ih--UHyo.jpg","2020-035",,2020,300,366,
"light-of-a-new-dawn-2020-031-db-ih--MUIA.jpg","2020-031",,2020,300,313,
"squad-2020-022-db-ih--LMgO.jpg","2020-022",,2020,300,250,
"2020-008-db-ih--Xugx.jpg","2020-008",,2020,300,200,
"server-cabinet-cooling---everything-you-need-to-know-2020-007-db-ih--bYZo.jpg","2020-007",,2020,300,225,
"workout-2018-2020-006-db-ih--XmQj.jpg","2020-006",,2020,300,200,
"workutworutworout-2020-004-db-ih--D6cD.jpg","2020-004",,2020,300,225,
"nke-2020-003-db-ih--ARas.jpg","2020-003",,2020,300,225,
"dover-street-market-la-2019-XX-web-fs--1TkK.jpg",,4504,2019,300,431,
"dover-street-market-la-2019-XX-web-fs--8jSG.jpg",,4504,2019,300,444,
"dover-street-market-la-2019-XX-web-fs--4EwY.jpg",,4504,2019,300,450,
"dover-street-market-la-2019-XX-web-fs--8v4e.jpg",,4504,2019,300,458,
"dover-street-market-la-2019-XX-web-fs--9XJS.jpg",,4504,2019,300,231,
"dover-street-market-la-2019-XX-web-fs--ahgz.jpg",,4504,2019,300,452,
"dover-street-market-la-2019-XX-web-fs--dFFK.jpg",,4504,2019,300,431,
"dover-street-market-la-2019-XX-web-fs--dgxO.jpg",,4504,2019,300,452,
"dover-street-market-la-2019-XX-web-fs--Fe5B.jpg",,4504,2019,300,449,
"dover-street-market-la-2019-XX-web-fs--HD9H.jpg",,4504,2019,300,430,
"dover-street-market-la-2019-XX-web-fs--IuDK.jpg",,4504,2019,300,424,
"dover-street-market-la-2019-XX-web-fs--kPQ7.jpg",,4504,2019,300,438,
"dover-street-market-la-2019-XX-web-fs--M8OL.jpg",,4504,2019,300,436,
"dover-street-market-la-2019-XX-web-fs--OdUG.jpg",,4504,2019,300,442,
"dover-street-market-la-2019-XX-web-fs--RlWL.jpg",,4504,2019,300,427,
"dover-street-market-la-2019-XX-web-fs--pf5V.jpg",,4504,2019,300,437,
"dover-street-market-la-2019-XX-web-fs--SCQQ.jpg",,4504,2019,300,453,
"dover-street-market-la-2019-XX-web-fs--SCQe.jpg",,4504,2019,300,205,
"dover-street-market-la-2019-XX-web-fs--vM3E.jpg",,4504,2019,300,205,
"dover-street-market-la-2019-XX-web-fs--w9vz.jpg",,4504,2019,300,424,
"dover-street-market-la-2019-XX-web-fs--waql.jpg",,4504,2019,300,450,
"dover-street-market-la-2019-XX-web-fs--yFRB.jpg",,4504,2019,300,448,
"dover-street-market-la-2019-XX-web-fs--yTFm.jpg",,4504,2019,300,434,
"dover-street-market-la-2019-XX-web-fs--YFWd.jpg",,4504,2019,300,199,
"dover-street-market-la-2019-XX-web-fs--wlKN.jpg",,4504,2019,300,206,
"dover-street-market-la-2019-XX-web-fs--ytzy.jpg",,4504,2019,300,436,
"dover-street-market-la-2019-XX-web-fs--zPV0.jpg",,4504,2019,300,448,
"dover-street-market-la-2019-XX-web-fs--zYwF.jpg",,4504,2019,300,447,
"dover-street-market-la-2019-XX-web-ih--imHc.jpg",,4504,2019,300,450,
"nyabf-2019-09-web-ih--Zh3r.jpg",,4502,2019,300,300,
"nyabf-2019-09-web-ih--3spL.jpg",,4502,2019,300,479,
"nyabf-2019-09-web-ih--KJuk.jpg",,4502,2019,300,225,
"rhizome-flagship-2019-05-web-ih--aFCU.jpg",,4505,2019,300,400,
"rhizome-flagship-2019-05-web-ih--ByaI.jpg",,4505,2019,300,400,
"rhizome-flagship-2019-05-web-ih--C9Jd.jpg",,4505,2019,300,400,
"rhizome-flagship-2019-05-web-ih--ctyY.jpg",,4505,2019,300,400,
"rhizome-flagship-2019-05-web-ih--gHca.jpg",,4505,2019,300,400,
"rhizome-flagship-2019-05-web-ih--gWVA.jpg",,4505,2019,300,400,
"rhizome-flagship-2019-05-web-ih--Kf1f.jpg",,4505,2019,300,400,
"rhizome-flagship-2019-05-web-ih--PoVD.jpg",,4505,2019,300,225,
"rhizome-flagship-2019-05-web-ih--rCtD.jpg",,4505,2019,300,400,
"rhizome-flagship-2019-05-web-ih--RgYi.jpg",,4505,2019,300,400,
"rhizome-flagship-2019-05-web-ih--Xa05.jpg",,4505,2019,300,400,
"rhizome-flagship-2019-05-web-ih--VmI3.jpg",,4505,2019,300,400,
"rhizome-flagship-2019-05-web-ih--xDnP.jpg",,4505,2019,300,225,
"art-night-2019-05-web-tb--3v6O.jpg",,4508,2019,300,450,
"art-night-2019-05-web-tb--2bDY.jpg",,4508,2019,300,450,
"art-night-2019-05-web-tb--8Arx.jpg",,4508,2019,300,450,
"art-night-2019-05-web-tb--awSM.jpg",,4508,2019,300,450,
"art-night-2019-05-web-tb--BkHI.jpg",,4508,2019,300,450,"n"
"art-night-2019-05-web-tb--eYKy.jpg",,4508,2019,300,450,"n"
"art-night-2019-05-web-tb--jJ5C.jpg",,4508,2019,300,450,
"art-night-2019-05-web-tb--R5tI.jpg",,4508,2019,300,450,
"art-night-2019-05-web-tb--zJME.jpg",,4508,2019,300,450,"n"
"art-night-2019-06-web-sj--biLs.jpg",,4508,2019,300,400,
"art-night-2019-06-web-sj--UMzJ.jpg",,4508,2019,300,400,
"firstsite-2019-05-web-da--4O1Z.jpg",,4499,2019,300,450,
"firstsite-2019-05-web-da--9SNB.jpg",,4499,2019,300,450,
"firstsite-2019-05-web-da--NqdM.jpg",,4499,2019,300,450,
"firstsite-2019-05-web-da--CWJD.jpg",,4499,2019,300,450,
"firstsite-2019-05-web-da--NNXN.jpg",,4499,2019,300,450,
"firstsite-2019-05-web-da--mVZC.jpg",,4499,2019,300,450,
"firstsite-2019-05-web-da--mKVx.jpg",,4499,2019,300,450,
"firstsite-2019-05-web-da--DtgH.jpg",,4499,2019,300,450,
"firstsite-2019-05-web-da--SD14.jpg",,4499,2019,300,450,
"firstsite-2019-05-web-da--Qitn.jpg",,4499,2019,300,450,
"firstsite-2019-05-web-da--yI2y.jpg",,4499,2019,300,450,
"firstsite-2019-05-web-ih--BE9W.jpg",,4499,2019,300,517,
"firstsite-2019-05-web-da--JbLc.jpg",,4499,2019,300,200,
"firstsite-2019-05-web-da--H6JL.jpg",,4499,2019,300,450,
"dunk-2019-005-db-saf--sLpd.jpg",,4465,2019,300,449,
"destroyed-jeans-2018-125-db-saf--wbBE.jpg",,4465,2019,300,438,
"destroyed-jeans-2018-125-db-saf--2s34.jpg",,4465,2019,300,542,
"theatre-of-war-2019-12-db-ms--l2CF.jpg",,4472,2019,300,450,
"cc-foundation-topline-2019-XX-web-ih--AzKP.jpg",,4500,2019,300,450,
"cc-foundation-topline-2019--web-ih--01Cu.jpg",,4500,2019,300,450,
"cc-foundation-topline-2019-XX-web-ih--BIV4.jpg",,4500,2019,300,450,
"cc-foundation-topline-2019-XX-web-ih--bp6m.jpg",,4500,2019,300,450,
"cc-foundation-topline-2019-XX-web-ih--7OwE.jpg",,4500,2019,300,450,
"cc-foundation-topline-2019-XX-web-ih--c8vq.jpg",,4500,2019,300,450,
"cc-foundation-topline-2019-XX-web-ih--Ikej.jpg",,4500,2019,300,450,
"cc-foundation-topline-2019-XX-web-ih--LnAT.jpg",,4500,2019,300,450,
"cc-foundation-topline-2019-XX-web-ih--ufM8.jpg",,4500,2019,300,450,
"cc-foundation-topline-2019-XX-web-ih--hxWk.jpg",,4500,2019,300,450,
"cc-foundation-topline-2019-XX-web-ih--YGeY.jpg",,4500,2019,300,450,
"cc-foundation-topline-2019-XX-web-ih--WY2t.jpg",,4500,2019,300,450,
"ropac-verticals-2019-01-web-ug--CMTR.jpg",,4436,2019,300,450,
"ropac-verticals-2019-01-web-ug--FXib.jpg",,4436,2019,300,450,
"ropac-verticals-2019-01-web-ug--dNpQ.jpg",,4436,2019,300,450,
"ropac-verticals-2019-01-web-ug--DGZU.jpg",,4436,2019,300,200,
"ropac-verticals-2019-01-web-ug--VsVH.jpg",,4436,2019,300,450,
"ropac-verticals-2019-01-web-ug--yzY7.jpg",,4436,2019,300,450,
"ropac-verticals-2019-01-web-ug--xK98.jpg",,4436,2019,300,450,
"disclaimer-2020-011-web-ih--bdnA.jpg","2020-011",,2019,300,533,
"satin-to-sip-2019-063-db-ih--ULmB.jpg","2019-063",,2019,300,338,
"cc-hampion-2019-059-db-gn--I04E.jpg","2019-059",,2019,300,200,
"idas-2019-058-db-gn--xxzR.jpg","2019-058",,2019,300,340,
"ulcycle-2019-056-db---K5pB.jpg","2019-056",,2019,300,200,
"artney_-adid-2019-054-db---cTgi.jpg","2019-054",,2019,300,449,
"acool-2019-050-db---zJ1w.jpg","2019-050",,2019,300,200,
"creibleworkut-2019-048-db---LGoM.jpg","2019-048",,2019,300,200,
"tea-mix-2019-045-db-ih--cIDu.jpg","2019-045",,2019,300,225,
"vyb-2019-042-db---oTXc.jpg","2019-042",,2019,300,200,
"firstsite-2019-05-db-da--NqdM.jpg","2019-037",,2019,300,450,
"firstsite-2019-05-db-da--JbLc.jpg","2019-037",,2019,300,200,
"firstsite-2019-05-db-da--9oP0.jpg","2019-036",,2019,300,200,
"firstsite-2019-05-db-da--7aAs.jpg","2019-036",,2019,300,200,
"firstsite-2019-05-db-da--Qitn.jpg","2019-033",,2019,300,450,
"responce-2019-027-db-ih--oHP0.jpg","2019-027",,2019,300,210,
"til-hele-2019-009-db-ih--jfR1.jpg","2019-009",,2019,300,201,
"dunk-2019-005-db-saf--sLpd.jpg","2019-005",,2019,300,449,
"destroyed-jeans-2018-125-db-saf--wbBE.jpg","2018-125",,2019,300,438,
"destroyed-jeans-2018-125-db-saf--2s34.jpg","2018-125",,2019,300,542,
"dunk-2018-094-db-ug--Avge.jpg","2018-094",,2019,300,400,
"portrait-2018-10-db-j--Ai78.jpg",,4447,2018,300,450,
"ICA-Boston-2018-03-install-3-database-cm-P29H.jpg",,4424,2018,300,450,
"difference-engine-2018-06-web-lg--3AkC.jpg",,4428,2018,300,450,"n"
"difference-engine-2018-06-web-ih--boGS.jpg",,4428,2018,300,472,
"difference-engine-2018-06-web-lg--WSy0.jpg",,4428,2018,300,450,"n"
"difference-engine-2018-06-web-ih--d213.jpg",,4428,2018,300,487,
"difference-engine-2018-06-web-lg--osHt.jpg",,4428,2018,300,450,
"difference-engine-2018-06-web-lg--SfNZ.jpg",,4428,2018,300,404,
"difference-engine-2018-06-web-lg--V2lF.jpg",,4428,2018,300,450,
"difference-engine-2018-06-web-ih--oqOy.jpg",,4428,2018,300,450,"n"
"difference-engine-2018-06-web-lg--FdBW.jpg",,4428,2018,300,450,
"difference-engine-2018-06-web-lg--1Pd9.jpg",,4428,2018,300,450,
"difference-engine-2018-06-web-lg--4cDw.jpg",,4428,2018,300,450,
"difference-engine-2018-06-web-lg--0udS.jpg",,4428,2018,300,450,
"difference-engine-2018-06-web-lg--07Cz.jpg",,4428,2018,300,200,
"difference-engine-2018-06-web-lg--SJPP.jpg",,4428,2018,300,450,
"difference-engine-2018-06-web-lg--lSZD.jpg",,4428,2018,300,450,
"flagship-2017-062-web-jih--IXPs.jpg",,4509,2018,300,200,
"flagship-2017-062-web-jih--m4dl.jpg",,4509,2018,300,450,
"flagship-2017-062-web-jih--tk7V.jpg",,4509,2018,300,450,
"flagship-2017-062-web-jih--Uly0.jpg",,4509,2018,300,200,
"sharjah-biennial-2019-03-db-ih--LoHh.jpg","2018-134",,2018,300,400,
"ropac-install-2019-01-db---oU9j.jpg","2018-124",,2018,300,450,
"ropac-install-2019-01-db-ih--NmzH.jpg","2018-124",,2018,300,200,
"the-original-2018-124-db-ug--Gtcn.jpg","2018-124",,2018,300,450,
"the-original-2018-124-db-ug--3Eyf.jpg","2018-124",,2018,300,450,
"untitled-2018-121-db-ug--3efH.jpg","2018-121",,2018,300,300,
"untitled-2018-118-db-ih--RKq7.jpg","2018-118",,2018,300,300,
"untitled-2018-116-db-ug--dadT.jpg","2018-116",,2018,300,300,
"untitled-2018-104-db-ih--2kAV.jpg","2018-104",,2018,300,218,
"untitled-2018-098-db-ih--qTwf.jpg","2018-098",,2018,300,214,
"fil-2018-084-db-ug--CrSE.jpg","2018-084",,2018,300,225,
"ivry-2018-072-db-ug--h7yX.jpg","2018-072",,2018,300,225,
"dukes-2018-071-db-ih--h6Gy.jpg","2018-071",,2018,300,75,
"the-north-face-2018-063-web-ih.jpg","2018-063",,2018,300,400,
"flagship-2017-062-db-jih--eQIH.jpg","2018-052",,2018,300,200,
"flagship-2017-062-db-jih--7Vtk.jpg","2018-045",,2018,300,200,
"flagship-2017-062-db-jih--zY9q.jpg","2018-042",,2018,300,200,
"entreprenuer-2018-037-web-ih--fL9T.jpg","2018-037",,2018,300,446,
"nbc-2018-035-db-ih--3H2d.jpg","2018-035",,2018,300,267,
"photoshop-cs--2018-029-db-ih--YRBL.jpg","2018-029",,2018,300,399,
"peace-old-navy-2018-021-database-dt--VIT3.jpg","2018-021",,2018,300,200,
"boyfriend-2018-018-database-dt--A4li.jpg","2018-018",,2018,300,200,
"fierce-2018-017-database-dt--8XvR.jpg","2018-017",,2018,300,200,
"dukes-2018-016-database-dt--ViKY.jpg","2018-016",,2018,300,200,
"dukes-2018-015-database-dt--iT96.jpg","2018-015",,2018,300,200,
"three-stripes2018-014-database-02.jpg","2018-014",,2018,300,225,
"three-stripes-2018-013-database-dt--Shcy.jpg","2018-013",,2018,300,200,
"difference-engine-2018-06-db-lg--1Pd9.jpg","2018-010",,2018,300,450,
"cats-2018-006-full-database-ih-1-1038.jpg","2018-006",,2018,300,236,
"flagship-2017-062-database-jih--YsOT.jpg","2017-062",,2018,300,449,
"flagship-2017-062-database-jih--4tEb.jpg","2017-062",,2018,300,450,
"flagship-2017-062-database-jih--d87z.jpg","2017-062",,2018,300,439,
"flagship-2017-062-database-jih--8Fus.jpg","2017-062",,2018,300,200,
"flagship-2017-062-database-jih--eObU.jpg","2017-062",,2018,300,200,
"flagship-2017-062-database-jih--GhMO.jpg","2017-062",,2018,300,200,
"flagship-2017-062-database-jih--hjqV.jpg","2017-062",,2018,300,445,
"flagship-2017-062-database-jih--rrqI.jpg","2017-062",,2018,300,449,
"flagship-2017-062-database-jih--Kq09.jpg","2017-062",,2018,300,530,
"asymmetrical-response-2017-020-database-ih--AemK.jpg","2017-020",,2018,300,300,
"source-colors-2013-144-database-ih--himk.jpg","2013-144",,2018,300,232,
"source-wam-2013-141-database-ih--l1vt.jpg","2013-141",,2018,300,232,
"flagship-2017-062-web-ih--swyH.jpg",,4506,2017,300,300,
"flagship-2017-062-web-jih--1ezT.jpg",,4506,2017,300,450,
"flagship-2017-062-web-jih--4K55.jpg",,4506,2017,300,200,
"flagship-2017-062-web-jih--4tEb.jpg",,4506,2017,300,450,
"flagship-2017-062-web-jih--5SId.jpg",,4506,2017,300,450,
"flagship-2017-062-web-jih--7NlM.jpg",,4506,2017,300,210,
"flagship-2017-062-web-jih--8Fus.jpg",,4506,2017,300,200,
"flagship-2017-062-web-jih--92sM.jpg",,4506,2017,300,450,
"flagship-2017-062-web-jih--bLvE.jpg",,4506,2017,300,450,
"flagship-2017-062-web-jih--bv4j.jpg",,4506,2017,300,200,
"flagship-2017-062-web-jih--D2wl.jpg",,4506,2017,300,450,
"flagship-2017-062-web-jih--bWMd.jpg",,4506,2017,300,200,
"flagship-2017-062-web-jih--d87z.jpg",,4506,2017,300,439,
"flagship-2017-062-web-jih--dEnO.jpg",,4506,2017,300,450,
"flagship-2017-062-web-jih--Ekfd.jpg",,4506,2017,300,200,
"flagship-2017-062-web-jih--eObU.jpg",,4506,2017,300,200,
"flagship-2017-062-web-jih--eyjz.jpg",,4506,2017,300,450,
"flagship-2017-062-web-jih--hjqV.jpg",,4506,2017,300,446,
"flagship-2017-062-web-jih--IXr5.jpg",,4506,2017,300,450,
"flagship-2017-062-web-jih--Kq09.jpg",,4506,2017,300,530,
"flagship-2017-062-web-jih--LP9f.jpg",,4506,2017,300,200,
"flagship-2017-062-web-jih--m4dl.jpg",,4506,2017,300,450,
"flagship-2017-062-web-jih--nQnB.jpg",,4506,2017,300,450,
"flagship-2017-062-web-jih--ooB1.jpg",,4506,2017,300,450,
"flagship-2017-062-web-jih--OsgQ.jpg",,4506,2017,300,200,
"flagship-2017-062-web-jih--qVgr.jpg",,4506,2017,300,450,
"flagship-2017-062-web-jih--rrqI.jpg",,4506,2017,300,450,
"flagship-2017-062-web-jih--TLmn.jpg",,4506,2017,300,450,
"flagship-2017-062-web-jih--uuVY.jpg",,4506,2017,300,200,
"flagship-2017-062-web-jih--WDHS.jpg",,4506,2017,300,450,
"flagship-2017-062-web-jih--yd3i.jpg",,4506,2017,300,450,
"flagship-2017-062-web-jih--YIGx.jpg",,4506,2017,300,450,
"flagship-2017-062-web-jih--YsOT.jpg",,4506,2017,300,450,
"nyabf-2017-052-detail-database-dt-14149.jpg",,4423,2017,300,200,
"nyabf-2017-052-detail-database-dt-8149.jpg",,4423,2017,300,450,
"nyabf-2017-052-detail-database-dt-11149.jpg",,4423,2017,300,450,
"nyabf-2017-052-detail-database-dt-7149.jpg",,4423,2017,300,200,
"nyabf-2017-052-detail-database-dt-13149.jpg",,4423,2017,300,200,
"nyabf-2017-052-full-database-dt-1148.jpg",,4423,2017,300,200,
"nyabf-2017-052-detail-database-dt-10149.jpg",,4423,2017,300,450,
"nyabf-2017-052-detail-database-dt-17149.jpg",,4423,2017,300,450,
"nyabf-2017-052-full-database-dt-3148.jpg",,4423,2017,300,450,
"nyabf-2017-052-detail-database-dt-2149.jpg",,4423,2017,300,200,
"nyabf-2017-052-detail-database-dt-9149.jpg",,4423,2017,300,200,
"nyabf-2017-052-detail-database-dt-1149.jpg",,4423,2017,300,200,
"nyabf-2017-052-full-database-dt-2148.jpg",,4423,2017,300,258,
"nyabf-2017-052-detail-database-dt-3149.jpg",,4423,2017,300,229,
"art-projects-ibiza-2017-06-2017-19-install-database-er--2rUT.jpg",,4421,2017,300,200,
"art-projects-ibiza-2017-06-2017-18-install-database-er--OnMP.jpg",,4421,2017,300,200,
"art-projects-ibiza-2017-06-installation-database-ER-23.jpg",,4421,2017,300,450,
"art-projects-ibiza-2017-06-install-database-21-ER.jpg",,4421,2017,300,502,"n"
"art-projects-ibiza-2017-06-install-database-06.jpg",,4421,2017,300,227,
"art-projects-ibiza-2017-06-install-database-16-ER.jpg",,4421,2017,300,437,
"art-projects-ibiza-2017-06-install-database-10-ER.jpg",,4421,2017,300,454,
"art-projects-ibiza-2017-06-install-database-08-ER.jpg",,4421,2017,300,449,"n"
"art-projects-ibiza-2017-06-install-database-22-ER.jpg",,4421,2017,300,444,"n"
"art-projects-ibiza-2017-06-install-database-17-ER.jpg",,4421,2017,300,594,
"art-projects-ibiza-2017-06-install-database-09-ER.jpg",,4421,2017,300,425,
"art-projects-ibiza-2017-06-install-database-12-ER.jpg",,4421,2017,300,416,
"art-projects-ibiza-2017-06-install-database-20-ER.jpg",,4421,2017,300,200,
"ar-ibiza-2018-06-database-er--t2wF.jpg",,4421,2017,300,450,
"the-kitchen-new-york-2016-01-install-database-21-JM.jpg",,4420,2017,300,475,
"the-kitchen-new-york-2016-01-install-database-02-JM.jpg",,4420,2017,300,507,
"the-kitchen-new-york-2016-01-install-database-06-JM.jpg",,4420,2017,300,431,
"the-kitchen-new-york-2016-01-install-database-01-JM.jpg",,4420,2017,300,475,
"the-kitchen-new-york-2016-01-install-database-07-JM.jpg",,4420,2017,300,467,
"the-kitchen-new-york-2016-01-install-database-03-JM.jpg",,4420,2017,300,200,"n"
"the-kitchen-new-york-2016-01-install-database-25-JM.jpg",,4420,2017,300,368,
"the-kitchen-new-york-2016-01-install-database-09-JM.jpg",,4420,2017,300,193,
"the-kitchen-new-york-2016-01-install-database-24-JM.jpg",,4420,2017,300,467,
"the-kitchen-new-york-2016-01-install-database-15-JM.jpg",,4420,2017,300,467,
"the-kitchen-new-york-2016-01-install-database-18-JM.jpg",,4420,2017,300,499,
"the-kitchen-new-york-2016-01-install-database-04-JM.jpg",,4420,2017,300,195,
"the-kitchen-new-york-2016-01-install-database-14-JM.jpg",,4420,2017,300,211,
"the-kitchen-new-york-2016-01-install-database-20-JM.jpg",,4420,2017,300,463,
"the-kitchen-new-york-2016-01-install-database-17-JM.jpg",,4420,2017,300,249,
"the-kitchen-new-york-2016-01-install-database-08-JM.jpg",,4420,2017,300,467,
"the-kitchen-new-york-2016-01-install-database-23-JM.jpg",,4420,2017,300,467,
"the-kitchen-new-york-2016-01-install-database-16-JM.jpg",,4420,2017,300,203,
"the-kitchen-new-york-2016-01-install-database-19-JM.jpg",,4420,2017,300,462,
"the-kitchen-new-york-2016-01-install-database-13-JM.jpg",,4420,2017,300,467,
"the-kitchen-new-york-2016-01-install-database-10-JM.jpg",,4420,2017,300,463,
"the-kitchen-new-york-2016-01-install-database-11-JM.jpg",,4420,2017,300,193,
"the-kitchen-new-york-2016-01-install-database-12-JM.jpg",,4420,2017,300,467,
"independent-art-fair-new-york-install-01-database-MK.jpg",,4365,2017,300,449,
"independent-art-fair-new-york-install-03-database-MK.jpg",,4365,2017,300,426,
"independent-art-fair-new-york-install-02-database-MK.jpg",,4365,2017,300,248,
"independent-art-fair-new-york-install-07-database-MK.jpg",,4365,2017,300,428,
"independent-art-fair-new-york-install-08-database-MK.jpg",,4365,2017,300,235,
"independent-art-fair-new-york-install-09-database-MK.jpg",,4365,2017,300,449,
"Mig-29-Soviet-2005-03-install-database-07.jpg",,4425,2017,300,401,
"Mig-29-Soviet-2005-03-install-database-08.jpg",,4425,2017,300,401,
"Mig-29-Soviet-2005-03-install-database-04.jpg",,4425,2017,300,401,
"rhizome-anthology-2017-08-database-ih-1b.jpg",,4422,2017,300,464,
"beibs-lakes-2017-074-digital-database-dt--ZM6W.jpg","2017-074",,2017,300,225,
"yoga-lakes-2017-071-database-dt-Dt4K.jpg","2017-071",,2017,300,225,
"artwork-title-2017-069-database-dt--IK6r.jpg","2017-069",,2017,300,225,
"photoshop-cs-2017-060-database-02-ug.jpg","2017-060",,2017,300,399,
"iphone-emboss-2017-059-full-database-ih.jpg","2017-059",,2017,300,212,
"celebs-2017-049-database-jih--d17f.jpg","2017-049",,2017,300,450,
"mmw-bot-2017-044-database-ih--uPUu_1.jpg","2017-044",,2017,300,407,
"mmw-bot-2017-044-database-ih--8j3K_1.jpg","2017-044",,2017,300,407,
"mmw-bot-2017-044-database-ih--QCQu_1.jpg","2017-044",,2017,300,407,
"photoshop-cs-2017-042-database-02.jpg","2017-042",,2017,300,400,
"ar-reader-2017-041-database-ih--12a5.jpg","2017-041",,2017,300,242,
"ar-reader-2017-041-database-ih--0JBs.jpg","2017-041",,2017,300,366,
"2018-039-soulcycle-database-01.jpg","2017-039",,2017,300,225,
"2017-037-three-stripes-press-lisson-database-03.jpg","2017-037",,2017,300,225,
"as-ws-flip-flops-2017-030-database-ih--WtJY.jpg","2017-030",,2017,300,450,
"as-ws-towell-2017-029-database-ih--I5us.jpg","2017-029",,2017,300,450,
"2017-028-gift-card-triptych-scan-database.jpg","2017-028",,2017,300,691,
"great-idea-2017-026-database-ih--kt4K_1.jpg","2017-026",,2017,300,464,
"three-stripes-2017-023-install-database-ih-1.jpg","2017-023",,2017,300,207,
"2017-016-photoshop-cs-database-01-er.jpg","2017-016",,2017,300,474,
"dunk-2017-005-detail-database-ER-1179.jpg","2017-005",,2017,300,219,
"ar-reader-2017-004-web-ih--ComI.jpg","2017-004",,2017,300,450,
"call-of-duty-2017-001-full-database-er-1-1749.jpg","2017-001",,2017,300,450,
"currentmood-2016-076-database-dt--2aWe.jpg","2016-076",,2017,300,413,
"currentmood-2016-076-database-dt--dx7F.jpg","2016-076",,2017,300,214,
"currentmood-2016-076-database-dt--4cHh.jpg","2016-076",,2017,300,196,
"currentmood-2016-076-database-dt--F7Kh.jpg","2016-076",,2017,300,214,
"currentmood-2016-076-database-dt--grCI.jpg","2016-076",,2017,300,214,
"currentmood-2016-076-database-dt--FGer.jpg","2016-076",,2017,300,201,
"currentmood-2016-076-database-ih--Lz5b.jpg","2016-076",,2017,300,450,
"2015-095-mmw-photoshoot-database-01-JIH.jpg","2015-095",,2017,300,200,
"western-front-vancouver-2016-09-install-03-database-MHC.jpg",,4419,2016,300,450,
"western-front-vancouver-2016-09-install-22-database-MHC.jpg",,4419,2016,300,450,
"western-front-vancouver-2016-09-install-33-database-MHC.jpg",,4419,2016,300,200,
"western-front-vancouver-2016-09-install-08-database-MHC.jpg",,4419,2016,300,450,
"western-front-vancouver-2016-09-install-04-database-MHC.jpg",,4419,2016,300,450,
"western-front-vancouver-2016-09-install-34-database-MHC.jpg",,4419,2016,300,200,
"western-front-vancouver-2016-09-install-09-database-MHC.jpg",,4419,2016,300,200,
"western-front-vancouver-2016-09-install-30-database-MHC.jpg",,4419,2016,300,450,
"western-front-vancouver-2016-09-install-13-database-MHC.jpg",,4419,2016,300,450,
"western-front-vancouver-2016-09-install-02-database-MHC.jpg",,4419,2016,300,450,"n"
"western-front-vancouver-2016-09-install-07-database-MHC.jpg",,4419,2016,300,450,
"western-front-vancouver-2016-09-install-01-database-MHC.jpg",,4419,2016,300,450,
"western-front-vancouver-2016-09-install-14-database-MHC.jpg",,4419,2016,300,450,
"western-front-vancouver-2016-09-install-31-database-MHC.jpg",,4419,2016,300,450,
"western-front-vancouver-2016-09-install-12-database-MHC.jpg",,4419,2016,300,450,
"western-front-vancouver-2016-09-install-05-database-MHC.jpg",,4419,2016,300,450,
"western-front-vancouver-2016-09-install-06-database-MHC.jpg",,4419,2016,300,450,
"western-front-vancouver-2016-09-install-15-database-MHC.jpg",,4419,2016,300,200,
"western-front-vancouver-2016-09-install-32-database-MHC.jpg",,4419,2016,300,200,
"western-front-vancouver-2016-09-install-19-database-MHC.jpg",,4419,2016,300,450,
"western-front-vancouver-2016-09-install-20-database-MHC.jpg",,4419,2016,300,200,
"western-front-vancouver-2016-09-install-21-database-MHC.jpg",,4419,2016,300,200,
"lisson-london-2016-05-install-01-database-JH.jpg",,4359,2016,300,401,
"lisson-london-2016-05-install-02-database-JH.jpg",,4359,2016,300,401,
"lisson-london-2016-05-install-03-database-JH.jpg",,4359,2016,300,401,
"lisson-london-2016-05-install-05-database-JH.jpg",,4359,2016,300,401,
"lisson-london-2016-05-install-04-database-JH.jpg",,4359,2016,300,401,
"lisson-london-2016-05-install-09-database-JH.jpg",,4359,2016,300,401,
"lisson-london-2016-05-install-10-database-JH.jpg",,4359,2016,300,401,
"lisson-london-2016-05-install-16-database-JH.jpg",,4359,2016,300,401,
"lisson-london-2016-05-install-17-database-JH.jpg",,4359,2016,300,401,
"lisson-london-2016-05-install-19-database-JH.jpg",,4359,2016,300,401,
"nyabf-2016-109-database-ek--bw9S.jpg",,4377,2016,300,450,
"nyabf-2016-109-database-ek--GPeC.jpg",,4377,2016,300,450,
"nyabf-2016-109-database-ek--8eCf.jpg",,4377,2016,300,200,
"nyabf-2016-109-database-ek--Q6oU.jpg",,4377,2016,300,361,
"nyabf-2016-109-database-ek--wUFW.jpg",,4377,2016,300,450,
"images-2018-02-database-uk--lcbR.jpg",,4360,2016,300,450,
"images-2018-02-database-uk--wvJ4.jpg",,4360,2016,300,450,
"dump-bin-2016-017-full-2-database-ih.jpg","2016-117",,2016,300,200,
"dump-bin-2016-017-detail-1-database-ih.jpg","2016-117",,2016,300,200,
"currentmood-2016-110-database-ih--w0kq.jpg","2016-110",,2016,300,448,
"jeans-lakes-2016-104-install-database-dt.jpg","2016-104",,2016,300,200,
"jeans-lakes-2016-102-install-database-dt.jpg","2016-102",,2016,300,200,
"jeans-lakes-2016-101-install-database-dt.jpg","2016-101",,2016,300,200,
"jeans-lakes-2016-100-install-database-dt.jpg","2016-100",,2016,300,200,
"imgres-2016-097-digital-database-ih.jpg","2016-097",,2016,300,168,
"fn-white-slides-2016-084-database-ih--OvGJ.jpg","2016-084",,2016,300,450,
"Arcangel-Surfware-fuck-negativity-white-shirt-2016-079-full-database.jpg","2016-079",,2016,300,200,
"Arcangel-Surfware-fuck-negativity-white-hoodie-2016-078-front-full-database.jpg","2016-078",,2016,300,200,
"Arcangel-Surfware-fuck-negativity-white-hoodie-2016-078-back-full-database.jpg","2016-078",,2016,300,200,
"Arcangel-Surfware-fuck-negativity-white-sweatpants-2016-077-full-database.jpg","2016-077",,2016,300,200,
"dump-bin-2016-069-database-jl--iPbo.jpg","2016-069",,2016,300,399,
"dump-bin-2016-068-database-jl--KSH6.jpg","2016-068",,2016,300,399,
"dump-bin-2016-067-database-jl--0kfp.jpg","2016-067",,2016,300,229,
"source-digest-2016-061-full-database-1.jpg","2016-061",,2016,300,200,
"source-digest-2016-061-full-database-2.jpg","2016-061",,2016,300,200,
"source-digest-2016-061-full-database-3.jpg","2016-061",,2016,300,450,
"source-digest-2016-061-full-database-4.jpg","2016-061",,2016,300,450,
"source-digest-2016-061-full-database-5.jpg","2016-061",,2016,300,450,
"source-digest-2016-061-full-database-6.jpg","2016-061",,2016,300,449,
"WTF-2016-060-database-ih--IjMz.jpg","2016-060",,2016,300,407,
"dunks-slides-2016-058-full-database-ih.jpg","2016-058",,2016,300,200,
"photoshop-cs-2016-057-full-database-JH.jpg","2016-057",,2016,300,225,
"love-pink-2016-056-full-database-JH.jpg","2016-056",,2016,300,225,
"climacool-2016-055-full-database-JH.jpg","2016-055",,2016,300,225,
"currentmood-054-2016-install-01-database-JH.jpg","2016-054",,2016,300,401,
"currentmood-054-2016-install-02-database-JH.jpg","2016-054",,2016,300,225,
"More-to-Explore-2016-052-database-ih-4.jpg","2016-052",,2016,300,512,
"More-to-Explore-2016-052-database-ih-5.jpg","2016-052",,2016,300,512,
"More-to-Explore-2016-052-database-ih-6.jpg","2016-052",,2016,300,489,
"More-to-Explore-2016-052-database-ih-7.jpg","2016-052",,2016,300,488,
"More-to-Explore-2016-052-database-ih-8.jpg","2016-052",,2016,300,200,
"More-to-Explore-2016-052-database-ih-10.jpg","2016-052",,2016,300,200,
"More-to-Explore-2016-052-database-ih-9.jpg","2016-052",,2016,300,200,
"More-to-Explore-2016-052-database-ih-11.jpg","2016-052",,2016,300,512,
"more-to-explore-2016-052-detail-database.jpg","2016-052",,2016,300,512,
"More-to-Explore-2016-052-database-ih-13.jpg","2016-052",,2016,300,512,
"Untitled-Web-ad-piece-2016-052-database-ih-12.jpg","2016-052",,2016,300,512,
"photoshop-cs-2016-036-full-database-JH.jpg","2016-036",,2016,300,225,
"dawgs-lakes-2016-035-full-database-JH.jpg","2016-035",,2016,300,225,
"ibiza-lakes-2016-034-full-database-JH.jpg","2016-034",,2016,300,225,
"mig-29-soviet-fighter-plane-and-clouds-2016-033-full-database-JH.jpg","2016-033",,2016,300,401,
"mig-29-soviet-fighter-plane-and-clouds-osx-2016-033-full-database-ih-1-150.jpg","2016-033",,2016,300,420,
"mig-29-soviet-fighter-plane-and-clouds-2016-033-install-database-01-AV.jpg","2016-033",,2016,300,450,
"mig-29-soviet-fighter-plane-and-clouds-osx-2016-033-full-database-ih-4-150.jpg","2016-033",,2016,300,420,
"mig-29-soviet-fighter-plane-and-clouds-osx-2016-033-full-database-ih-3-150.jpg","2016-033",,2016,300,420,
"mig-osx-2016-033-full-database-ih-11241.jpg","2016-033",,2016,300,420,
"rbf-2016-030-full-database-JH.jpg","2016-030",,2016,300,225,
"manson-2016-025-full-database-JH.jpg","2016-025",,2016,300,225,
"brooklyn-20110811-00159-2016-021-full-database-JH.jpg","2016-021",,2016,300,225,
"30-pour-2016-019-full-database-JH.jpg","2016-019",,2016,300,225,
"hank-2016-018-full-database-JH.jpg","2016-018",,2016,300,225,
"line-2016-009-full-database-Team.jpg","2016-009",,2016,300,549,
"photoshop-cs-2016-007-full-database-Team.jpg","2016-007",,2016,300,253,
"jeans-lakes-2015-061-full-database-ih.jpg","2015-061",,2016,300,200,
"ropac-pantin-2015-06-install-04-database.jpg",,4273,2015,300,450,
"ropac-pantin-2015-06-install-01-database.jpg",,4273,2015,300,450,
"ropac-pantin-2015-06-install-02-database.jpg",,4273,2015,300,450,
"ropac-pantin-2015-06-install-03-database.jpg",,4273,2015,300,200,
"ropac-pantin-2015-06-install-07-database.jpg",,4273,2015,300,450,
"ropac-pantin-2015-06-install-06-database.jpg",,4273,2015,300,200,
"ropac-pantin-2015-06-install-08-database.jpg",,4273,2015,300,224,
"ropac-pantin-2015-06-install-09-database.jpg",,4273,2015,300,450,
"espace-louis-vuitton-munich-2015-04-install-2-database-CK.jpg",,4282,2015,300,449,
"espace-louis-vuitton-munich-2015-04-install-1-database-CK.jpg",,4282,2015,300,449,
"espace-louis-vuitton-munich-2015-04-install-3-database-CK.jpg",,4282,2015,300,200,
"espace-louis-vuitton-munich-2015-04-install-4-database-CK.jpg",,4282,2015,300,200,
"espace-louis-vuitton-munich-2015-04-install-6-database-CK.jpg",,4282,2015,300,449,
"espace-louis-vuitton-munich-2015-04-install-5-database-CK.jpg",,4282,2015,300,449,
"espace-louis-vuitton-munich-2015-04-install-7-database-CK.jpg",,4282,2015,300,200,
"espace-louis-vuitton-munich-2015-04-install-8-database-CK.jpg",,4282,2015,300,449,
"espace-louis-vuitton-munich-2015-04-install-11-database-CK.jpg",,4282,2015,300,449,
"espace-louis-vuitton-munich-2015-04-install-12-database-CK.jpg",,4282,2015,300,449,
"espace-louis-vuitton-munich-2015-04-install-13-database-CK.jpg",,4282,2015,300,450,
"lisson-milan-2015-04-install-05-database-JH.jpg",,4258,2015,300,401,
"lisson-milan-2015-04-install-09-database-JH.jpg",,4258,2015,300,401,
"lisson-milan-2015-04-install-07-database-JH.jpg",,4258,2015,300,401,
"lisson-milan-2015-04-install-11-database-JH.jpg",,4258,2015,300,401,
"lisson-milan-2015-04-install-12-database-JH.jpg",,4258,2015,300,401,
"lisson-milan-2015-04-install-10-database-JH.jpg",,4258,2015,300,401,
"lisson-milan-2015-04-install-14-database-JH.jpg",,4258,2015,300,401,
"lisson-milan-2015-04-install-15-database-JH.jpg",,4258,2015,300,401,
"the-source-nyabf-2015-09-install-1-database-EK.jpg",,4274,2015,300,200,
"the-source-nyabf-2015-09-install-5-database-AT.jpg",,4274,2015,300,300,
"the-source-nyabf-2015-09-install-4-database-EK.jpg",,4274,2015,300,225,
"the-source-nyabf-2015-09-install-8-website-EK.jpg",,4274,2015,300,225,
"gamec-bergamo-2015-04-install-3-database-MZ.jpg",,4269,2015,300,420,
"gamec-bergamo-2015-04-install-4-database-MZ.jpg",,4269,2015,300,190,
"gamec-bergamo-2015-04-install-1-database-RM.jpg",,4269,2015,300,200,
"gamec-bergamo-2015-04-install-2-database-RM.jpg",,4269,2015,300,200,
"gamec-bergamo-2015-04-install-10-database-MZ.jpg",,4269,2015,300,199,
"gamec-bergamo-2015-04-install-16-database-MZ.jpg",,4269,2015,300,200,
"gamec-bergamo-2015-04-install-19-database-MZ.jpg",,4269,2015,300,414,
"gamec-bergamo-2015-04-install-18-database-MZ.jpg",,4269,2015,300,200,
"gamec-bergamo-2015-04-install-20-press-MZ.jpg",,4269,2015,300,450,
"gamec-bergamo-2015-04-install-23-press-MZ.jpg",,4269,2015,300,186,
"gamec-bergamo-2015-04-install-24-press-MZ.jpg",,4269,2015,300,200,
"gamec-bergamo-2015-04-install-25-press-MZ.jpg",,4269,2015,300,194,
"gamec-bergamo-2015-04-install-30-database-MZ.jpg",,4269,2015,300,200,
"gamec-bergamo-2015-04-install-32-database-MZ.jpg",,4269,2015,300,201,
"gamec-bergamo-2015-04-install-33-database-MZ.jpg",,4269,2015,300,170,
"gamec-bergamo-2015-04-install-34-database-MZ.jpg",,4269,2015,300,185,
"gamec-bergamo-2015-04-install-35-database-MZ.jpg",,4269,2015,300,200,
"gamec-bergamo-2015-04-install-37-database-MZ.jpg",,4269,2015,300,447,
"gamec-bergamo-2015-04-install-39-database-MZ.jpg",,4269,2015,300,183,
"migros-museum-2015-05-install-1-database-SA.jpg",,4244,2015,300,400,
"Fuck-Negativity-Slides-SRF-032-2015-164-full-database-ih.jpg","2015-164",,2015,300,300,
"fuck-negativity-dogtag-SRF-030-2015-162-detail-database-ih.jpg","2015-162",,2015,300,300,
"fuck-negativity-dogtag-SRF-030-2015-162-full-1-database-ih.jpg","2015-162",,2015,300,300,
"Fuck-Negativity-Sweatpants-2015-159-full-database-ih.jpg","2015-159",,2015,300,300,
"Fuck-Negativity-Hoodie-SRF-026-2015-158-full-database-ih.jpg","2015-158",,2015,300,300,
"Fuck-Negativity-T-Shirt-SRF-025-2015-157-full-database-ih.jpg","2015-157",,2015,300,300,
"quickoffice-2015-068-install-database-CK.jpg","2015-068",,2015,300,449,
"quickoffice-2015-068-install-detail-database-2-CK.jpg","2015-068",,2015,300,200,
"russells-2-lakes-2015-065-full-database-CK.jpg","2015-065",,2015,300,200,
"vomit-lakes-2015-064-full-database-ih.jpg","2015-064",,2015,300,189,
"two-clintons-seven-palms-a-taurus-and-an-aeron-2015-060-install-database-CK.jpg","2015-060",,2015,300,449,
"gamec-catalogue-2015-056-digital-database-ih.jpg","2015-056",,2015,300,440,
"photoshop-cs-2015-055-install-2-database-CK.jpg","2015-055",,2015,300,449,
"photoshop-cs-2015-055-install-1-database-CK.jpg","2015-055",,2015,300,200,
"snowbunny-lakes-2015-053-full-still-database-JH.jpg","2015-053",,2015,300,225,
"since-u-been-gone-2015-047-install-database-gamec-MZ.jpg","2015-047",,2015,300,200,
"wet-sweatshirt-2015-038-full-database-studio.jpg","2015-038",,2015,300,300,
"social-network-2015-030-detail-2-database-EK.jpg","2015-030",,2015,300,450,
"social-network-2015-030-full-database-team-JL.jpg","2015-030",,2015,300,200,
"fucks-2015-027-detail-database-2-EK.jpg","2015-027",,2015,300,450,
"fucks-2015-027-detail-2-database-team-JL.jpg","2015-027",,2015,300,200,
"fucks-2015-027-detail-database-team-JL.jpg","2015-027",,2015,300,200,
"fucks-2015-027-full-database-team-JL.jpg","2015-027",,2015,300,200,
"trust-no-bitch-2015-022-detail-2-database-EK.jpg","2015-022",,2015,300,450,
"trust-no-bitch-2015-022-detail-3-database-EK.jpg","2015-022",,2015,300,200,
"trust-no-bitch-2015-022-full-database-team-JL.jpg","2015-022",,2015,300,200,
"frozen-2015-021-full-database-team-JL.jpg","2015-021",,2015,300,200,
"frozen-2015-021-detail-database-EK.jpg","2015-021",,2015,300,200,
"frozen-2015-021-detail-database-team-JL.jpg","2015-021",,2015,300,200,
"rich-forever-2015-015-full-database-team-JL.jpg","2015-015",,2015,300,200,
"rich-forever-2015-015-detail-database-EK.jpg","2015-015",,2015,300,200,
"hot-topics-2015-014-full-database-team-JL.jpg","2015-014",,2015,300,200,
"hot-topics-2015-014-detail-database-team-JL.jpg","2015-014",,2015,300,200,
"your-performance-2015-007-full-database-JH.jpg","2015-007",,2015,300,401,
"your-performance-2015-007-detail-database-JH.jpg","2015-007",,2015,300,225,
"misfits-2015-006-detail-database-JH.jpg","2015-006",,2015,300,401,
"misfits-2015-006-full-database-JH.jpg","2015-006",,2015,300,225,
"started-at-the-bottom-2015-005-full-database-JH.jpg","2015-005",,2015,300,225,
"started-at-the-bottom-2015-005-detail-database-JH.jpg","2015-005",,2015,300,225,
"first-class-2015-004-full-database-JH.jpg","2015-004",,2015,300,225,
"first-class-2015-004-detail-1-database-JH.jpg","2015-004",,2015,300,225,
"clarity-2015-003-full-database-JH.jpg","2015-003",,2015,300,225,
"leafs-2015-002-full-database-JH.jpg","2015-002",,2015,300,225,
"leafs-2015-002-detail-database-JH.jpg","2015-002",,2015,300,225,
"high-lyfe-2015-001-full-database-JH.jpg","2015-001",,2015,300,225,
"high-lyfe-2015-001-detail-2-database-JH.jpg","2015-001",,2015,300,225,
"high-lyfe-2015-001-detail-1-database-JH.jpg","2015-001",,2015,300,225,
"dreams-2015-011-full-database-team-JL.jpg","2015-011",,2015,300,200,
"photoshop-cs-carpet-2014-152-install-2-database-gamec-RM.jpg","2014-152",,2015,300,200,
"photoshop-cs-carpet-2014-152-install-database-gamec-RM.jpg","2014-152",,2015,300,200,
"psk-2014-146-database-install-1-ropac.jpg","2014-146",,2015,300,450,
"psk-2014-146-database-install-3-ropac.jpg","2014-146",,2015,300,200,
"photoshop-cs-2014-135-detail-2-database-GAMeC-FF.jpg","2014-135",,2015,300,450,
"photoshop-cs-2014-135-detail-3-database-GAMeC-FF.jpg","2014-135",,2015,300,450,
"photoshop-cs-2014-135-detail-5-database-GAMeC-FF.jpg","2014-135",,2015,300,450,
"source-doogle-2013-140-detail-database-01-ih.jpg","2013-140",,2015,300,450,
"source-hp-2013-137-detail-database-ih.jpg","2013-137",,2015,300,450,
"source-space-2013-136-detail-01-database-ih.jpg","2013-136",,2015,300,200,
"source-666-2013-134-detail-01-database-ih.jpg","2013-134",,2015,300,200,
"rhizome-2014-06-database-install-01-ih.jpg",,4161,2014,300,448,
"rhizome-2014-06-database-install-05-ih.jpg",,4161,2014,300,448,
"rhizome-2014-06-database-install-08-ih.jpg",,4161,2014,300,448,
"rhizome-2014-06-database-install-07-ih.jpg",,4161,2014,300,448,
"rhizome-2014-06-database-install-09-ih.jpg",,4161,2014,300,448,
"rhizome-2014-06-database-install-06-ih.jpg",,4161,2014,300,448,
"rhizome-2014-06-database-install-10-ih.jpg",,4161,2014,300,448,
"rhizome-2014-06-database-install-11-ih.jpg",,4161,2014,300,448,
"rhizome-2014-06-database-install-13-ih.jpg",,4161,2014,300,448,
"rhizome-2014-06-database-install-15-ih.jpg",,4161,2014,300,448,
"Heart-Denmark-2014-03-install-02-database-SM.jpg",,4108,2014,300,450,
"Heart-Denmark-2014-03-install-01-database-SM.jpg",,4108,2014,300,200,
"Heart-Denmark-2014-03-install-03-database-SM.jpg",,4108,2014,300,400,
"Heart-Denmark-2014-03-install-05-database-SM.jpg",,4108,2014,300,225,
"Heart-Denmark-2014-03-install-08-database-SM.jpg",,4108,2014,300,400,
"Heart-Denmark-2014-03-install-07-database-SM.jpg",,4108,2014,300,400,
"Heart-Denmark-2014-03-install-13-database-SM.jpg",,4108,2014,300,400,
"Heart-Denmark-2014-03-install-14-database-SM.jpg",,4108,2014,300,225,
"Heart-Denmark-2014-03-install-15-press-SM.jpg",,4108,2014,300,420,
"Reykjavik-Art-Museum-2015-001-install-004-database-pt.jpg",,4246,2014,300,449,
"Reykjavik-Art-Museum-2015-001-install-024-database-pt.jpg",,4246,2014,300,449,
"Reykjavik-Art-Museum-2015-001-install-026-database-pt.jpg",,4246,2014,300,449,
"Reykjavik-Art-Museum-2015-001-install-033-database-pt.jpg",,4246,2014,300,449,
"Reykjavik-Art-Museum-2015-001-install-036-database-pt.jpg",,4246,2014,300,449,
"Reykjavik-Art-Museum-2015-001-install-037-database-pt.jpg",,4246,2014,300,449,
"Reykjavik-Art-Museum-2015-001-install-035-database-pt.jpg",,4246,2014,300,438,
"Reykjavik-Art-Museum-2015-001-install-003-database-pt.jpg",,4246,2014,300,449,
"Reykjavik-Art-Museum-2015-001-install-005-database-pt.jpg",,4246,2014,300,449,
"Reykjavik-Art-Museum-2015-001-install-015-database-pt.jpg",,4246,2014,300,200,
"Reykjavik-Art-Museum-2015-001-install-022-database-pt.jpg",,4246,2014,300,449,
"24-dances-2013-220-MET-01-database-ih.jpg",,4225,2014,300,450,
"24-dances-2013-220-MET-15-database-ih.jpg",,4225,2014,300,450,
"24-dances-2013-220-MET-18-database-ih.jpg",,4225,2014,300,450,
"24-dances-2013-220-MET-17-database-ih.jpg",,4225,2014,300,200,
"24-dances-2013-220-MET-19-database-ih.jpg",,4225,2014,300,230,
"24-dances-2013-220-MET-22-database-ih.jpg",,4225,2014,300,450,
"24-dances-2013-220-MET-23-database-ih.jpg",,4225,2014,300,450,
"24-dances-2013-220-ICA-London-9.jpg",,4223,2014,300,450,
"24-dances-2013-220-ICA-London-2.JPG",,4223,2014,300,450,
"24-dances-2013-220-ICA-London-57.jpg",,4223,2014,300,450,
"24-dances-2013-220-ICA-London-59.jpg",,4223,2014,300,450,
"24-dances-2013-220-Berlin-02-database-SD.jpg",,4224,2014,300,399,
"24-dances-2013-220-Berlin-01-database-SD.jpg",,4224,2014,300,225,
"miart-milan-2014-03-install-01-database-FA.jpg",,4129,2014,300,450,
"miart-milan-2014-03-install-05-database-FA.jpg",,4129,2014,300,200,
"miart-milan-2014-03-install-06-database-FA.jpg",,4129,2014,300,200,
"miart-milan-2014-03-install-09-database-FA.jpg",,4129,2014,300,200,
"miart-milan-2014-03-install-11-database-FA.jpg",,4129,2014,300,200,
"miart-milan-2014-03-install-12-database-FA.jpg",,4129,2014,300,450,
"miart-milan-2014-03-install-13-database-FA.jpg",,4129,2014,300,200,
"miart-milan-2014-03-install-14-database-FA.jpg",,4129,2014,300,200,
"miart-milan-2014-03-install-15-database-FA.jpg",,4129,2014,300,200,
"nyabf-dap-newyork-2014-10-install-1-database-ek.jpg",,4247,2014,300,450,
"nyabf-dap-newyork-2014-10-install-3-database-ek.jpg",,4247,2014,300,344,
"nyabf-dap-newyork-2014-10-install-6-database-ek.jpg",,4247,2014,300,450,
"nyabf-dap-newyork-2014-10-install-5-database-ek.jpg",,4247,2014,300,450,
"nyabf-dap-newyork-2014-10-install-3-database-at.JPG",,4247,2014,300,225,
"nyabf-dap-newyork-2014-10-install-6-database-at.JPG",,4247,2014,300,225,
"nyabf-dap-newyork-2014-10-install-7-database-at.JPG",,4247,2014,300,300,
"nyabf-dap-newyork-2014-10-install-11-database-at.JPG",,4247,2014,300,300,
"team-ny-2014-09-install-7-database.jpg",,4169,2014,300,450,
"team-ny-2014-09-install-11-database.jpg",,4169,2014,300,450,
"team-ny-2014-09-install-16-database.jpg",,4169,2014,300,450,
"team-ny-2014-09-install-18-database.jpg",,4169,2014,300,450,
"team-ny-2014-09-install-25-database.jpg",,4169,2014,300,450,
"team-ny-2014-09-install-28-database.jpg",,4169,2014,300,450,
"team-venice-2014-09-install-1-database-jm.jpg",,4170,2014,300,449,
"team-venice-2014-09-install-2-database-jm.jpg",,4170,2014,300,449,
"team-venice-2014-09-install-4-database-jm.jpg",,4170,2014,300,449,
"team-venice-2014-09-install-10-database-jm.jpg",,4170,2014,300,200,
"team-venice-2014-09-install-14-database-jm.jpg",,4170,2014,300,200,
"team-venice-2014-09-install-13-database-jm.jpg",,4170,2014,300,200,
"team-venice-2014-09-install-17-database-jm.jpg",,4170,2014,300,449,
"team-venice-2014-09-install-15-database-jm.jpg",,4170,2014,300,200,
"team-venice-2014-09-install-21-database-jm.jpg",,4170,2014,300,449,
"team-venice-2014-09-install-38-database-jm.jpg",,4170,2014,300,449,
"yolo-2014-03-install-001-database-DG.jpg",,4137,2014,300,450,
"yolo-2014-03-install-005-database-DG.jpg",,4137,2014,300,200,
"yolo-2014-03-install-002-database-DG.jpg",,4137,2014,300,200,
"yolo-2014-03-install-006-database-DG.jpg",,4137,2014,300,200,
"yolo-2014-03-install-007-database-DG.jpg",,4137,2014,300,200,
"yolo-2014-03-install-014-database-DG.jpg",,4137,2014,300,450,
"yolo-2014-03-install-026-database-DG.jpg",,4137,2014,300,200,
"yolo-2014-03-install-031-database-DG.jpg",,4137,2014,300,200,
"yolo-2014-03-install-037-database-DG.jpg",,4137,2014,300,200,
"yolo-2014-03-install-039-database-DG.jpg",,4137,2014,300,200,
"yolo-2014-03-install-052-database-DG.jpg",,4137,2014,300,200,
"yolo-2014-03-install-051-database-DG.jpg",,4137,2014,300,200,
"yolo-2014-03-install-060-database-DG.jpg",,4137,2014,300,200,
"yolo-2014-03-install-059-database-DG.jpg",,4137,2014,300,200,
"yolo-2014-03-install-071-database-DG.jpg",,4137,2014,300,200,
"yolo-2014-03-install-075-database-DG.jpg",,4137,2014,300,450,
"yolo-2014-03-install-073-database-DG.jpg",,4137,2014,300,200,
"yolo-2014-03-install-082-database-DG.jpg",,4137,2014,300,450,
"yolo-2014-03-install-084-database-DG.jpg",,4137,2014,300,450,
"coming-soon-2014-137-database-ih--W7yV.jpg","2014-137",,2014,300,403,
"behavorial-targeting-2014-128-detail-3-database-ih.jpg","2014-128",,2014,300,358,
"behavorial-targeting-2014-128-detail-2-database-ih.jpg","2014-128",,2014,300,358,
"behavorial-targeting-2014-128-detail-1-database-ih.jpg","2014-128",,2014,300,358,
"behavorial-targeting-2014-128-detail-4-database-ih.jpg","2014-128",,2014,300,358,
"behavorial-targeting-2014-128-detail-5-database-ih.jpg","2014-128",,2014,300,358,
"allthesmallthingscatalog-2014-125-full-01-database-ih.jpg","2014-125",,2014,300,450,
"allthesmallthingscatalog-2014-125-full-02-database-ih.jpg","2014-125",,2014,300,450,
"allthesmallthingscatalog-2014-125-full-03-database-ih.jpg","2014-125",,2014,300,443,
"allthesmallthingscatalog-2014-125-full-05-database-ih.jpg","2014-125",,2014,300,450,
"allthesmallthingscatalog-2014-125-full-06-database-ih.jpg","2014-125",,2014,300,450,
"allthesmallthingscatalog-2014-125-full-07-database-ih.jpg","2014-125",,2014,300,450,
"allthesmallthingscatalog-2014-125-full-04-database-ih.jpg","2014-125",,2014,300,450,
"allthesmallthingscatalog-2014-125-full-08-database-ih.jpg","2014-125",,2014,300,450,
"allthesmallthingscatalog-2014-125-full-09-database-ih.jpg","2014-125",,2014,300,450,
"allthesmallthingscatalog-2014-125-full-11-database-ih.jpg","2014-125",,2014,300,450,
"allthesmallthingscatalog-2014-125-full-12-database-ih.jpg","2014-125",,2014,300,450,
"allthesmallthingscatalog-2014-125-full-13-database-ih.jpg","2014-125",,2014,300,450,
"allthesmallthingscatalog-2014-125-full-10-database-ih.jpg","2014-125",,2014,300,450,
"allthesmallthingscatalog-2014-125-full-15-database-ih.jpg","2014-125",,2014,300,450,
"allthesmallthingscatalog-2014-125-full-14-database-ih.jpg","2014-125",,2014,300,450,
"room-for-squares-2014-121-09-install-team-2-database-jm.jpg","2014-121",,2014,300,449,
"2014-114-allthesmallthings-shirt-database-ih.jpg","2014-114",,2014,300,300,
"dinner-lakes-2014-110-full-database-lisson-KL.jpg","2014-110",,2014,300,229,
"hillary-lakes-2014-097-full-still-3-database-team.jpg","2014-097",,2014,300,200,
"asshole2-lakes-2014-095-full-still-1-database-team.jpg","2014-095",,2014,300,200,
"oncompression-lakes-2014-094-full-still-1-database-team.jpg","2014-094",,2014,300,202,
"going-negative-2014-088-full-database-team-JL.jpg","2014-088",,2014,300,200,
"unnamed-lakes-2014-087-full-still-3-database-team.jpg","2014-087",,2014,300,200,
"russels-lakes-2014-086-full-still-1-database-team.jpg","2014-086",,2014,300,200,
"sports-products-lakes-2014-085-full-still-database-team.jpg","2014-085",,2014,300,202,
"photoshop-cs-2014-080-full-database-team-jm.jpg","2014-080",,2014,300,192,
"photoshop-cs-2014-079-full-2-database-team-jm.jpg","2014-079",,2014,300,195,
"all-the-small-things-2014-078-database-2-ih.jpg","2014-078",,2014,300,200,
"dvd-rack-2014-060-detail-full-01-database-ih.jpg","2014-060",,2014,300,182,
"you-only-live-once-2014-051-detail-Heart-01-database-SM.jpg","2014-051",,2014,300,200,
"you-only-live-once-2014-051-full-Heart-01-database-SM.jpg","2014-051",,2014,300,225,
"scene-girls-2014-047-full-Heart-01-database-SM.jpg","2014-047",,2014,300,225,
"raw-youth-2014-046-install-Heart-01-database-SM.jpg","2014-046",,2014,300,225,
"raw-youth-2014-046-full-Heart-01-database-SM.jpg","2014-046",,2014,300,225,
"hater-2014-041-full-Heart-01-database-SM.jpg","2014-041",,2014,300,225,
"hater-2014-041-detail-Heart-01-database-SM.jpg","2014-041",,2014,300,200,
"gravers-2014-040-full-Heart-01-database-SM.jpg","2014-040",,2014,300,225,
"established-92-2014-039-full-Heart-01-database-SM.jpg","2014-039",,2014,300,225,
"dunks-2014-037-full-Heart-01-database-SM.jpg","2014-037",,2014,300,225,
"doooh-2014-036-full-Heart-01-database-SM.jpg","2014-036",,2014,300,225,
"calcium-source-2014-035-full-Heart-01-database-SM.jpg","2014-035",,2014,300,225,
"tools-2014-034-detail-Heart-01-database-SM.jpg","2014-034",,2014,300,200,
"tools-2014-034-full-Heart-01-database-SM.jpg","2014-034",,2014,300,225,
"bath-safety-2014-033-full-Heart-01-database-SM.jpg","2014-033",,2014,300,225,
"dunkin-2014-032-digital-2-database-ih.jpg","2014-032",,2014,300,533,
"max-perks-2014-031-digital-1-database-ih.jpg","2014-031",,2014,300,533,
"mystarbucksidea-2014-030-digital-still-4-database-ih.jpg","2014-030",,2014,300,533,
"mystarbucksidea-2014-030-digital-still-5-database-ih.jpg","2014-030",,2014,300,533,
"surfware-poster-2014-025-digital-database-ih.jpg","2014-025",,2014,300,200,
"the-warhol-files-2014-024-digital-database-ih.jpg","2014-024",,2014,300,477,
"photoshop-cs-2014-020-full-database-FA.jpg","2014-020",,2014,300,200,
"photoshop-cs-2014-019-full-database-FA.jpg","2014-019",,2014,300,450,
"photoshop-cs-2014-018-full-database-FA.jpg","2014-018",,2014,300,200,
"photoshop-cs-2014-017-full-database-FA.jpg","2014-017",,2014,300,200,
"ducati-2014-015-full-database-ICA-London_1.jpg","2014-015",,2014,300,405,
"spectrum-queen-2014-013-full-database-ih.jpg","2014-013",,2014,300,420,
"srf-007-spectrum-ipad-case-2014-009-full-1-database-ih.jpg","2014-009",,2014,300,300,
"srf-006-iphone-case-2014-008-full-1-database-ih.jpg","2014-008",,2014,300,300,
"srf-005-fitted-hat-2014-007-full-1-database-ih.jpg","2014-007",,2014,300,300,
"srf-004-signature-sweats-2014-006-full-2-database-ih.jpg","2014-006",,2014,300,297,
"srf-003-crest-hoodie-2014-005-full-1-database-ih.jpg","2014-005",,2014,300,300,
"srf-003-crest-hoodie-2014-005-full-2-database-ih.jpg","2014-005",,2014,300,300,
"srf-002-crest-tshirt-2014-004-full-1-database-ih.jpg","2014-004",,2014,300,300,
"24-dances-drawing-2013-221-full-1-database-ih.jpg","2013-221",,2014,300,300,
"24-dances-shirt-2013-219-full-1-database-ih.jpg","2013-219",,2014,300,450,
"gradient-carpet-2013-198-install-Heart-01-database-SM.jpg","2013-198",,2014,300,605,
"gradient-carpet-2013-198-detail-Heart-01-database-SM.jpg","2013-198",,2014,300,200,
"freshbuzz-2013-169-install-Heart-01-database-SM.jpg","2013-169",,2014,300,400,
"24-dances-record-2013-015-full-1-database-ih.jpg","2013-115",,2014,300,300,
"24-dances-record-2013-015-full-6-database-ih.jpg","2013-115",,2014,300,450,
"24-dances-record-2013-015-full-5-database-ih.jpg","2013-115",,2014,300,300,
"24-dances-record-2013-015-full-2-database-ih.jpg","2013-115",,2014,300,300,
"yolo-2014-03-install-008-database-DG.jpg","2012-160",,2014,300,200,
"working-on-my-novel-2012-066-digital-screenshot-1-database-ih.jpg","2012-066",,2014,300,361,
"working-on-my-novel-2012-037-full-01-database-ih.jpg","2012-037",,2014,300,400,
"working-on-my-novel-2012-037-full-02-database-ih.jpg","2012-037",,2014,300,400,
"working-on-my-novel-2012-037-full-04-database-ih.jpg","2012-037",,2014,300,400,
"working-on-my-novel-2012-037-full-03-database-ih.jpg","2012-037",,2014,300,400,
"working-on-my-novel-2012-037-full-05-database-ih.jpg","2012-037",,2014,300,400,
"warhol-proposal-2012-029-digital-still-2-database-aw.jpg","2012-029",,2014,300,450,
"dhc-montreal-2013-06-install-01-database-RMT.jpg",,2849,2013,300,446,
"dhc-montreal-2013-06-full-03-database-RMT.jpg",,2849,2013,300,458,
"dhc-montreal-2013-06-full-07-database-RMT.jpg",,2849,2013,300,450,
"dhc-montreal-2013-06-install-02-database-RMT.jpg",,2849,2013,300,450,
"dhc-montreal-2013-06-install-03-database-RMT.jpg",,2849,2013,300,450,
"dhc-montreal-2013-06-install-04-database-RMT.jpg",,2849,2013,300,445,
"dhc-montreal-2013-06-install-05-database-RMT.jpg",,2849,2013,300,449,
"dhc-montreal-2013-06-install-06-database-RMT.jpg",,2849,2013,300,450,
"dhc-montreal-2013-06-install-07-database-RMT.jpg",,2849,2013,300,453,
"Warhol-Pittsburgh-2013-02-install-05-database-Warhol_1.jpg",,2848,2013,300,450,
"Warhol-Pittsburgh-2013-02-install-06-database-Warhol.jpg",,2848,2013,300,450,
"New-Museum-2013-11-install-01-database-ih.jpg",,4120,2013,300,385,
"diddy-lakes-2013-031-install-Heart-01-database-SM.jpg","2013-31-",,2013,300,225,
"opn-2013-x-digital-database-ih.jpg","2013-226",,2013,300,419,
"24-dances-2013-218-sheet-music-database-ih.jpg","2013-218",,2013,300,300,
"25-clintons-2013-206-full-Heart-01-database-SM.jpg","2013-206",,2013,300,650,
"25-clintons-2013-206-detail-Heart-01-database-SM.jpg","2013-206",,2013,300,225,
"the-source-2013-199-full-Heart-01-database-SM.jpg","2013-199",,2013,300,225,
"since-u-been-gone-2013-197-install-Heart-01-database-SM.jpg","2013-197",,2013,300,225,
"since-u-been-gone-2013-197-detail-Heart-01-database-SM.jpg","2013-197",,2013,300,200,
"quickoffice-2013-196-detail-Heart-02-database-SM.jpg","2013-196",,2013,300,225,
"quickoffice-2013-196-detail-Heart-01-database-SM.jpg","2013-196",,2013,300,225,
"quickoffice-2013-196-install-Heart-01-database-SM.jpg","2013-196",,2013,300,225,
"seinfeld-lakes-2013-193-install-Heart-01-database-SM.jpg","2013-193",,2013,300,225,
"awkward-smiles-lakes-2013-190-full-Heart-01-database-SM.jpg","2013-190",,2013,300,225,
"asshole-lakes-2013-189-install-Heart-01-database-SM.jpg","2013-189",,2013,300,225,
"napkins-2013-179-full-database-ih.jpg","2013-179",,2013,300,289,
"napkins-2013-178-full-database-Lisson.jpg","2013-178",,2013,300,309,
"napkins-2013-177-full-database-ih.jpg","2013-177",,2013,300,241,
"napkins-2013-176-full-database-Lisson.jpg","2013-176",,2013,300,351,
"the-source-on-and-on-2013-168-install-Heart-01-database-SM.jpg","2013-168",,2013,300,200,
"the-source-pizza-party-srf-015-2013-138-detail-01-database-ih.jpg","2013-138",,2013,300,200,
"the-source-warhol-srf-016-2013-133-detail-07-database-ih.jpg","2013-133",,2013,300,450,
"2013-132-digital-db-02.jpg","2013-132",,2013,300,481,
"the-source-desktop-wireform-2013-117-detail-01-ih.jpg","2013-117",,2013,300,450,
"blackberry-lakes-2013-187-install-Heart-01-database-SM.jpg","2013-087",,2013,300,225,
"audmcrs-website-2013-063-digital-database-ih.jpg","2013-063",,2013,300,385,
"express-yourself-clearly-2013-062-full-database-JW.jpg","2013-062",,2013,300,450,
"solitaire-weekly-2012-068-full-database-ih.jpg","2012-068",,2013,300,239,
"carnegie-pittsburgh-2012-09-install-12-database-TL.jpg",,2181,2012,300,450,
"carnegie-pittsburgh-2012-09-install-13-database-TL.jpg",,2181,2012,300,450,
"carnegie-pittsburgh-2012-09-install-3-database-TL.jpg",,2181,2012,300,450,
"carnegie-pittsburgh-2012-09-install-4-database-TL.jpg",,2181,2012,300,450,
"carnegie-pittsburgh-2012-09-install-8-database-TL.jpg",,2181,2012,300,450,
"carnegie-pittsburgh-2012-09-install-1-database-TL.jpg",,2181,2012,300,450,
"carnegie-pittsburgh-2012-09-install-5-database-TL.jpg",,2181,2012,300,423,
"carnegie-pittsburgh-2012-09-install-9-database-TL_1.jpg",,2181,2012,300,450,
"carnegie-brochure-booklet-2012-150-full-1-database-ih.jpg","2012-150",,2012,300,253,
"untitled-2012-149-western-front-perf-view-2-database-BW.jpg","2012-149",,2012,300,450,
"carnegie-pittsburgh-2012-09-install-1-database-TL.jpg","2012-134",,2012,300,450,
"express-yourself-clearly-2012-117-full-database-Team.jpg","2012-117",,2012,300,315,
"gerbers-2012-096-digital-full-database-ih.jpg","2012-096",,2012,300,200,
"photoshop-cs-2012-092-full-database-Team.jpg","2012-092",,2012,300,200,
"clinton-diptych-2012-083-full-1-database-AR.jpg","2012-083",,2012,300,366,
"air-jordans-2012-080-detail-database-ih.jpg","2012-080",,2012,300,450,
"air-jordans-2012-080-full-database-ih.jpg","2012-080",,2012,300,450,
"consumer-information-2012-070-full-database-ih.jpg","2012-070",,2012,300,240,
"super-chilled-2012-069-full-database-ih.jpg","2012-069",,2012,300,240,
"timeless-standards-2012-061-full-1-database-Lisson.jpg","2012-061",,2012,300,220,
"timeless-standards-2012-060-full-1-database-Lisson.jpg","2012-060",,2012,300,221,
"timeless-standards-2012-058-full-1-database-Lisson.jpg","2012-058",,2012,300,224,
"increased-stress-2012-044-full-database-ih.jpg","2012-044",,2012,300,233,
"originals-2012-031-install-database-ih.jpg","2012-031",,2012,300,402,
"more-details-2012-027-detail-2-database-JT-Moca.jpg","2012-027",,2012,300,450,
"more-details-2012-027-detail-database-PC.jpg","2012-027",,2012,300,400,
"more-details-2012-027-full-1-database-SK.jpg","2012-027",,2012,300,451,
"a-few-casuals-2012-022-full-1-skur2-database-ESJ.jpg","2012-022",,2012,300,200,
"umbrella-2012-001-digital-database-ih.jpg","2012-001",,2012,300,400,
"carnegie-pittsburgh-2012-09-install-14-database-TL.jpg","2011-156",,2012,300,450,
"AUDMCRS-2011-156-detail-Heart-02-database-SM.jpg","2011-156",,2012,300,200,
"AUDMCRS-2011-156-detail-Heart-01-database-SM.jpg","2011-156",,2012,300,450,
"AUDMCRS-2011-156-binders-database-ih.jpg","2011-156",,2012,300,394,
"AUDMCRS-2011-156-detail-Heart-03-database-SM.jpg","2011-156",,2012,300,200,
"AUDMCRS-2011-156-detail-Heart-05-database-SM.jpg","2011-156",,2012,300,400,
"AUDMCRS-2011-156-detail-Heart-04-database-SM.jpg","2011-156",,2012,300,200,
"AUDMCRS-2011-156-install-Carnegie-02-database-TL.jpg","2011-156",,2012,300,450,
"AUDMCRS-2011-156-install-DHC-01-database-RMT.jpg","2011-156",,2012,300,445,
"AUDMCRS-2011-156-install-Carnegie-01-database-TL.jpg","2011-156",,2012,300,450,
"AUDMCRS-2011-156-install-DHC-02-database-RMT.jpg","2011-156",,2012,300,440,
"AUDMCRS-2011-156-install-Heart-01-database-SM.jpg","2011-156",,2012,300,400,
"AUDMCRS-2011-156-install-Heart-02-database-SM.jpg","2011-156",,2012,300,225,
"AUDMCRS-2011-156-install-ropac-01-database.jpg","2011-156",,2012,300,450,
"AUDMCRS-2011-156-install-ropac-02-database.jpg","2011-156",,2012,300,450,
"AUDMCRS-2011-156-install-ropac-03-database.jpg","2011-156",,2012,300,200,
"AUDMCRS-2011-156-install-ropac-04-database.jpg","2011-156",,2012,300,450,
"reproduction-dj-set-2008-069-performance-view-excursus-3-database-ak.jpg","2008-069",,2012,300,400,
"BarbicanCurve-London-2011-02-install-1-database-EW.jpg",,238,2011,300,451,
"BarbicanCurve-London-2011-02-install-2-database-EW.jpg",,238,2011,300,451,
"BarbicanCurve-London-2011-02-install-3-database-EW.jpg",,238,2011,300,451,
"BarbicanCurve-London-2011-02-install-4-database-EW.jpg",,238,2011,300,451,
"BarbicanCurve-London-2011-02-install-5-database-EW.jpg",,238,2011,300,451,
"BarbicanCurve-London-2011-02-install-6-database-EW.jpg",,238,2011,300,451,
"team-ny-2011-11-install-2-database-AR.jpg",,2162,2011,300,459,
"team-ny-2011-11-install-1-database-AR.jpg",,2162,2011,300,434,
"team-ny-2011-11-install-5-database-AR.jpg",,2162,2011,300,450,
"team-ny-2011-11-install-4-database-AR.jpg",,2162,2011,300,195,
"team-ny-2011-12-performance-5-database-MFI.jpg",,2162,2011,300,450,
"whitney-ny-2011-05-full-3-database-SC.jpg",,203,2011,300,450,
"whitney-ny-2011-05-install-10-database-AR.jpg",,203,2011,300,450,
"whitney-ny-2011-05-install-13-database-AR.jpg",,203,2011,300,443,
"whitney-ny-2011-05-install-14-database-AR.jpg",,203,2011,300,447,
"whitney-ny-2011-05-install-15-database-AR.jpg",,203,2011,300,450,
"whitney-ny-2011-05-install-17-database-AR.jpg",,203,2011,300,450,
"whitney-ny-2011-05-install-11-database-AR_1.jpg",,203,2011,300,456,
"lisson-london-2011-10-install-10-database-KA.jpg",,204,2011,300,401,
"lisson-london-2011-10-install-9-database-KA.jpg",,204,2011,300,401,
"lisson-london-2011-10-install-6-database-KA.jpg",,204,2011,300,401,
"lisson-london-2011-10-install-3-database-KA.jpg",,204,2011,300,401,
"follow-my-other-twitter-2011-194-screenshot-database-ih.jpg","2011-194",,2011,300,391,
"various-books-scents-2011-193-full-database-Team.jpg","2011-193",,2011,300,565,
"asdfgh-2011-158-digital-database-ih.jpg","2011-158",,2011,300,232,
"clinton-2011-140-digital-database-ih.jpg","2011-140",,2011,300,255,
"body-talk-2011-138-install-database-dv.jpg","2011-138",,2011,300,444,
"body-talk-2011-138-detail-1-database-scan.jpg","2011-138",,2011,300,212,
"body-talk-2011-138-detail-1-database-scan_1.jpg","2011-138",,2011,300,212,
"body-talk-2011-138-detail-2-database-scan.jpg","2011-138",,2011,300,212,
"body-talk-2011-138-detail-3-database-scan.jpg","2011-138",,2011,300,212,
"living-situations-2011-137-full-database-Team.jpg","2011-137",,2011,300,233,
"real-talk-2011-132-detail-2-database-SC.jpg","2011-132",,2011,300,449,
"taurus-2011-129-digital-database-ih.jpg","2011-129",,2011,300,462,
"three-palms-2011-128-digital-database-ih.jpg","2011-128",,2011,300,462,
"Weekend-at-Bernies-Screening-at-Whitney-2011-127-performance-view-2-database-TO.jpg","2011-127",,2011,300,452,
"lozenge-2011-176-digital-database-ih.jpg","2011-126",,2011,300,232,
"regular-flex-2011-119-full-database-ka_1.jpg","2011-119",,2011,300,401,
"forward-attitudes-2011-118-full-database-ih_1.jpg","2011-118",,2011,300,200,
"real-taste-2011-117-full-database-KA.jpg","2011-117",,2011,300,401,
"various-n64-2011-115-detail-database-ka.jpg","2011-115",,2011,300,401,
"a-few-casuals-2011-114-full-database-ih.jpg","2011-114",,2011,300,200,
"photoshop-2011-113-full-cropped-database-KA.jpg","2011-113",,2011,300,240,
"photoshop-cs-2011-112-full-cropped-database-KA.jpg","2011-112",,2011,300,240,
"photoshop-cs-2011-110-full-cropped-database-KA.jpg","2011-110",,2011,300,240,
"jay-z-blue-2011-105-full-2-database-SC.jpg","2011-105",,2011,300,450,
"hello-world-2011-103-full-database-Team.jpg","2011-103",,2011,300,232,
"hello-world-2011-102-full-database-Team.jpg","2011-102",,2011,300,232,
"hello-world-2011-099-full-database-Team.jpg","2011-099",,2011,300,232,
"whitney-brochure-2011-092-detail-database.jpg","2011-092",,2011,300,218,
"timeless-standards-2011-082-full-cropped-database-KA.jpg","2011-082",,2011,300,218,
"timeless-standards-2011-081-full-cropped-database-KA.jpg","2011-081",,2011,300,218,
"timeless-standards-2011-079-full-cropped-database-KA.jpg","2011-079",,2011,300,218,
"Since-U-Been-Gone-2012-078-detail-print-1-database-KA.jpg","2011-078",,2011,300,220,
"Since-U-Been-Gone-2012-078-detail-print-10-database-KA.jpg","2011-078",,2011,300,218,
"Since-U-Been-Gone-2012-078-detail-print-11-database-KA.jpg","2011-078",,2011,300,220,
"Since-U-Been-Gone-2012-078-detail-print-12-database-KA.jpg","2011-078",,2011,300,220,
"Since-U-Been-Gone-2012-078-detail-print-13-database-KA.jpg","2011-078",,2011,300,222,
"Since-U-Been-Gone-2012-078-detail-print-14-database-KA.jpg","2011-078",,2011,300,221,
"Since-U-Been-Gone-2012-078-detail-print-2-database-KA.jpg","2011-078",,2011,300,219,
"Since-U-Been-Gone-2012-078-detail-print-3-database-KA.jpg","2011-078",,2011,300,218,
"Since-U-Been-Gone-2012-078-detail-print-4-database-KA.jpg","2011-078",,2011,300,221,
"Since-U-Been-Gone-2012-078-detail-print-5-database-KA.jpg","2011-078",,2011,300,219,
"Since-U-Been-Gone-2012-078-detail-print-6-database-KA.jpg","2011-078",,2011,300,219,
"Since-U-Been-Gone-2012-078-detail-print-7-database-KA.jpg","2011-078",,2011,300,219,
"Since-U-Been-Gone-2012-078-detail-print-8-database-KA.jpg","2011-078",,2011,300,218,
"Since-U-Been-Gone-2012-078-detail-print-9-database-KA.jpg","2011-078",,2011,300,219,
"palms-2011-075-full-2-database-ih.jpg","2011-075",,2011,300,205,
"sports-products-2011-024-full-database-AR.jpg","2011-024",,2011,300,183,
"paganini-2011-022-still-1-database-ih_1.jpg","2011-022",,2011,300,400,
"volume-management-2011-021-full-database-SC.jpg","2011-021",,2011,300,512,
"romp-ip-2011-020-still-1-database-ih.jpg","2011-020",,2011,300,392,
"777-2011-019-detail-2-database-ih.jpg","2011-019",,2011,300,361,
"airport-2011-014-screenshot-database-IH.jpg","2011-014",,2011,300,200,
"research-in-motion-2011-10-install-database-SC.jpg","2011-010",,2011,300,450,
"bowling-2011-009-curve-detail-database-EW_1.jpg","2011-009",,2011,300,451,
"bowling-2011-009-whitney-detail-2-database-SC.jpg","2011-009",,2011,300,266,
"BarbicanCurve-London-2011-02-install-5-database-EW.jpg","2011-009",,2011,300,451,
"bowling-2011-009-whitney-install-2-database-AR.jpg","2011-009",,2011,300,450,
"BarbicanCurve-London-2011-02-install-2-database-EW.jpg","2011-009",,2011,300,451,
"BarbicanCurve-London-2011-02-install-4-database-EW.jpg","2011-009",,2011,300,451,
"photoshop-cs-2011-008-full-cropped-database-AR.jpg","2011-008",,2011,300,212,
"photoshop-cs-2011-007-full-cropped-database-AR3.jpg","2011-007",,2011,300,248,
"photoshop-cs-2011-006-full-cropped-database-AR.jpg","2011-006",,2011,300,249,
"photoshop-cs-2011-004-full-database-AR.jpg","2011-004",,2011,300,236,
"photoshop-cs-2011-003-full-database-AR.jpg","2011-003",,2011,300,234,
"photoshop-cs-2011-001-full-cropped-database-AR.jpg","2011-001",,2011,300,238,
"new-jerseyy-2010-057-screen-shot-3-database-ih.jpg",,2163,2010,300,394,
"UMMA-AnnArbor-2010-01-install-1-database.jpg",,194,2010,300,450,
"UMMA-AnnArbor-2010-01-install-2-database.jpg",,194,2010,300,450,
"UMMA-AnnArbor-2010-01-install-3-database.jpg",,194,2010,300,450,
"UMMA-AnnArbor-2010-01-install-4-database.jpg",,194,2010,300,400,
"UMMA-AnnArbor-2010-01-install-5-database.jpg",,194,2010,300,571,
"Hamburger-Bahnhof-Berlin-2010-11-install-1-database-HB.jpg",,199,2010,300,450,
"Hamburger-Bahnhof-Berlin-2010-11-install-2-database-HB.jpg",,199,2010,300,450,
"Hamburger-Bahnhof-Berlin-2010-11-install-3-database-HB.jpg",,199,2010,300,450,
"Hamburger-Bahnhof-Berlin-2010-11-install-4-database-HB.jpg",,199,2010,300,450,
"Hamburger-Bahnhof-Berlin-2010-11-install-5-database-HB.jpg",,199,2010,300,450,
"Ropac-Paris-2010-11-install-1-database-GR.jpg",,207,2010,300,199,
"Ropac-Paris-2010-11-install-2-database-GR.jpg",,207,2010,300,477,
"Ropac-Paris-2010-11-install-3-database-GR.jpg",,207,2010,300,452,
"MusicForStereos-2010-025-performance-chicago-9-database-TR.jpg",,4172,2010,300,200,
"MusicForStereos-2010-025-performance-chicago-12-database-TR.jpg",,4172,2010,300,450,
"MusicForStereos-2010-025-performance-chicago-5-database-TR.jpg",,4172,2010,300,450,
"MusicForStereos-2010-025-performance-chicago-13-database-TR.jpg",,4172,2010,300,450,
"MoCANoMi-Miami-2010-03-install-1-database-SB.jpg",,200,2010,300,522,
"MoCANoMi-Miami-2010-03-install-2-database-SB.jpg",,200,2010,300,452,
"MoCANoMi-Miami-2010-03-install-3-database-SB.jpg",,200,2010,300,450,
"MoCANoMi-Miami-2010-03-install-4-database-SB.jpg",,200,2010,300,512,
"MoCANoMi-Miami-2010-03-install-5-database-SB.jpg",,200,2010,300,496,
"2010-132-sharper-image-catalog-full-1-database-ih.jpg","2010-132",,2010,300,210,
"timeless-standards-2010-092-full-cropped-database-_1.jpg","2010-093",,2010,300,218,
"timeless-standards-2010-093-full-cropped-database-ropac_1.jpg","2010-092",,2010,300,218,
"timeless-standards-2010-089-full-cropped-database-ropac.jpg","2010-089",,2010,300,218,
"timeless-standards-2010-087-full-cropped-database-ropac.jpg","2010-087",,2010,300,218,
"since-u-been-gone-2010-085-full-database-ropac.jpg","2010-085",,2010,300,331,
"hello-world-2010-081-full-database-ropac.jpg","2010-081",,2010,300,199,
"skipping-stones-2010-079-full-database-ropac.jpg","2010-079",,2010,300,452,
"sports-products-2010-078-full-database-ropac_1.jpg","2010-078",,2010,300,400,
"sports-products-2010-077-full-database-ropac_1.jpg","2010-077",,2010,300,400,
"sports-products-2010-076-full-database-ropac_1.jpg","2010-076",,2010,300,400,
"chris-cross-2010-068-screenshot-1-database-ih.jpg","2010-068",,2010,300,360,
"new-jerseyy-2010-057-screen-shot-3-database-ih.jpg","2010-057",,2010,300,394,
"research-in-motion-2010-056-full-database-Ropac.jpg","2010-056",,2010,300,199,
"master-class-2010-054-performance-3-database-AK.jpg","2010-054",,2010,300,400,
"photoshop-cs-2010-047-full-cropped-database-ropac.jpg","2010-047",,2010,300,209,
"photoshop-cs-2010-046-full-cropped-database-ropac.jpg","2010-046",,2010,300,207,
"photoshop-2010-045-full-cropped-database-ropac.jpg","2010-045",,2010,300,240,
"photoshop-cs-2010-044-full-cropped-database-ropac.jpg","2010-044",,2010,300,240,
"research-in-motion-2010-039-full-1-database-bahnhof.jpg","2010-039",,2010,300,200,
"research-2010-037-full-database-banhof.jpg","2010-037",,2010,300,200,
"2010-027-Strictly-Formal-Screenshot-Database-IH.jpg","2010-027",,2010,300,383,
"MusicForStereos-2010-025-performance-chicago-9-database-TR.jpg","2010-025",,2010,300,200,
"MusicForStereos-2010-025-performance-chicago-12-database-TR.jpg","2010-025",,2010,300,450,
"music-for-stereos-2010-025-performance-berlin-1-database-VJ.jpg","2010-025",,2010,300,225,
"MusicForStereos-2010-025-performance-chicago-5-database-TR.jpg","2010-025",,2010,300,450,
"MusicForStereos-2010-025-performance-chicago-13-database-TR.jpg","2010-025",,2010,300,450,
"composition-7-2010-023-still-database-ih.jpg","2010-023",,2010,300,399,
"composition-7-2010-023-install-database-HBM.jpg","2010-023",,2010,300,450,
"composition-7-2010-023-detail-database-studio_1.jpg","2010-023",,2010,300,450,
"hello-world-2010-022-web-ih--uugp.jpg","2010-022",,2010,300,200,
"bronzer-flash-2010-021-disc-database-ih.jpg","2010-021",,2010,300,222,
"sorry-2010-020-digital-4-database-ih.jpg","2010-020",,2010,300,372,
"research-in-motion-2010-018-full-2-database-team_1.jpg","2010-018",,2010,300,199,
"mocanomi-2010-017-screenshot-1-database-ih.jpg","2010-017",,2010,300,362,
"cadliner-drawing-2010-016-digital-database-ih_1.jpg","2010-016",,2010,300,190,
"cadliner-drawing-2010-015-digital-database-ih_1.jpg","2010-015",,2010,300,232,
"cadliner-drawing-2010-014-digital-database-ih_1.jpg","2010-014",,2010,300,232,
"cadliner-drawing-2010-013-digital-database-ih_1.jpg","2010-013",,2010,300,232,
"cadliner-drawing-2010-012-digital-database-ih_1.jpg","2010-012",,2010,300,232,
"cadliner-drawing-2010-011-digital-database-ih_1.jpg","2010-011",,2010,300,232,
"Maxell-2010-007-digital-1-database-ih.jpg","2010-007",,2010,300,218,
"Maxell-2010-007-digital-2-database-ih.jpg","2010-007",,2010,300,218,
"Maxell-2010-007-digital-3-database-ih.jpg","2010-007",,2010,300,218,
"Maxell-2010-007-digital-4-database-ih.jpg","2010-007",,2010,300,218,
"one-at-every-party-2010-003-still-1-database-ih_1.jpg","2010-003",,2010,300,410,
"photoshop-cs-2010-002-full-database-ih.jpg","2010-002",,2010,300,223,
"born-to-run-2007-045-cd-install-database_1.jpg","2007-045",,2010,300,400,
"NIMK-Amsterdam-2009-08-install-1-database-PC.jpg",,237,2009,300,451,
"NIMK-Amsterdam-2009-08-install-2-database-PC.jpg",,237,2009,300,451,
"NIMK-Amsterdam-2009-08-install-3-database-PC.jpg",,237,2009,300,451,
"NIMK-Amsterdam-2009-08-install-4-database-PC.jpg",,237,2009,300,451,
"Last-Night-I-Had-Strangest-Dream-2009-041-Perf-View-1-database-NL.jpg",,4226,2009,300,400,
"Last-Night-I-Had-Strangest-Dream-2009-041-Perf-View-2-database-NL.jpg",,4226,2009,300,451,
"whitney-ny-2009-01-full-database-whitney.jpg",,4154,2009,300,506,
"colors-2009-054-detail-2-database-ih.jpg","2009-054",,2009,300,518,
"Epic-Line-Rider-Fail-2009-053-still-2-database-ih.jpg","2009-053",,2009,300,541,
"Continuous-Partial-Awareness-2009-049-Full-db-OL.jpg","2009-049",,2009,300,400,
"Continuous-Partial-Awareness-2009-049-install-2-db-OL.jpg","2009-049",,2009,300,451,
"what-a-mistunderstanding-2009-046-digital-database-ih.jpg","2009-046",,2009,300,317,
"Last-Night-I-Had-Strangest-Dream-2009-041-Perf-View-1-database-NL.jpg","2009-041",,2009,300,400,
"Everybody-Else-2009-040-Full-1-Database-IH.jpg","2009-040",,2009,300,213,
"hello-world-2009-037-digital-database-ih.jpg","2009-037",,2009,300,231,
"hello-world-2009-036-digital-database-ih.jpg","2009-036",,2009,300,232,
"hello-world-2009-035-digital-database-ih.jpg","2009-035",,2009,300,230,
"hello-world-2009-034-digital-database-ih.jpg","2009-034",,2009,300,231,
"hello-world-2009-033-digital-database-ih.jpg","2009-033",,2009,300,233,
"working-on-my-novel-2009-032-digital-database-1-ih.jpg","2009-032",,2009,300,338,
"U2-video-2009-031-still-1-database-ih.jpg","2009-031",,2009,300,388,
"photoshop-cs-2009-006-full-cropped-database-Team.jpg","2009-006",,2009,300,240,
"photoshop-cs-2009-004-full-database-sb.jpg","2009-004",,2009,300,444,
"drei-klavierstucke-2009-003-still-6-database-ih.jpg","2009-003",,2009,300,400,
"photoshop-cs-2009-001-full-cropped-database-AR.jpg","2009-001",,2009,300,208,
"glockenspiel-2006-008-light-industry-performance-view-1-database-DC.jpg","2006-008",,2009,300,450,
"team-newyork-2008-11-install-1-database.jpg",,218,2008,300,430,
"team-newyork-2008-11-install-2-database.jpg",,218,2008,300,407,
"and-or-tx-2008-06-24-install-database-ps.jpg",,2237,2008,300,397,
"and-or-tx-2008-06-19-install-database-ps.jpg",,2237,2008,300,400,
"and-or-tx-2008-06-22-install-database-ps.jpg",,2237,2008,300,332,
"and-or-tx-2008-06-23-install-database-ps.jpg",,2237,2008,300,189,
"and-or-tx-2008-06-1-install-database-ih.jpg",,2237,2008,300,400,
"and-or-tx-2008-06-26-install-database-ps.jpg",,2237,2008,300,536,
"and-or-tx-2008-06-29-install-database-ps.jpg",,2237,2008,300,321,
"bruce-2006-008-light-industry-performance-view-1-database-DC.jpg",,4171,2008,300,450,
"bruce-2006-008-light-industry-performance-view-3-database-DC.jpg",,4171,2008,300,450,
"bruce-2006-008-light-industry-performance-view-2-database-DC.jpg",,4171,2008,300,450,
"glenn-gould-2008-082-full-1-press-ih.jpg","2008-082",,2008,300,206,
"2008_079_Sans_Comic_Full_Database_IH_1.jpg","2008-079",,2008,300,232,
"2008_078_My_Top_Ten_Youtube_Videos_Screenshot_Database_IH.jpg","2008-078",,2008,300,359,
"2008_074_Genealogies_Full_Database_IH.jpg","2008-074",,2008,300,527,
"burn-2008-057-full-database-UG.jpg","2008-057",,2008,300,450,
"2008_021_Splash_Page_Still_Database_IH.jpg","2008-021",,2008,300,399,
"2008-020-Continuous-Play-Perf-View-2-database-IH.jpg","2008-020",,2008,300,400,
"Monoprint-5-2008-016-full-database-IH_1.jpg","2008-016",,2008,300,214,
"monoprint-4-2008-015-full-1-database-ih.jpg","2008-015",,2008,300,214,
"Monoprint-3-2008-014-full-press-ih.jpg","2008-014",,2008,300,215,
"Monoprint-2-2008-013-full-database-ih.jpg","2008-013",,2008,300,214,
"Monotprint-1-2008-012-full-press-IH.jpg","2008-012",,2008,300,214,
"2008_010_Art_Since_1960_Performance_View_Database_IH.jpg","2008-010",,2008,300,403,
"ps1-bowling-2008-008-still-database-ih.jpg","2008-008",,2008,300,400,
"ps1-bowling-2008-008-controller-database-ih_1.jpg","2008-008",,2008,300,420,
"golden-ticket-2008-007-detail-2-database-DT_1.jpg","2008-007",,2008,300,450,
"personal-film-2008-004-still-5-database-ih.jpg","2008-004",,2008,300,400,
"permanent-vacation-2008-003-install-Heart-01-database-SM.jpg","2008-003",,2008,300,400,
"video-painting-2008-002-still-3-database-ih.jpg","2008-002",,2008,300,450,
"photoshop-cs-2008-001-full-1-database-qm.jpg","2008-001",,2008,300,212,
"on-c-2007-007-digital-database-ih.jpg","2007-007",,2008,300,405,
"Another_One_Bites_the_Dust_2007_039_full_database_IH_1.jpg","2007-039",,2007,300,269,
"burn-2007-033-full-1-database-unknown_1.jpg","2007-033",,2007,300,452,
"spoil-party-2007-020-install-database-ih_1.jpg","2007-020",,2007,300,400,
"permanent-vacation-2007-017-install-MWG-1-database-MWG.jpg","2007-017",,2007,300,452,
"photoshop-smudge-2007-016-digital-database-ih.jpg","2007-016",,2007,300,300,
"photoshop-smudge-2007-015-digital-database-ih.jpg","2007-015",,2007,300,300,
"photoshop-smudge-2007-013-digital-database-ih.jpg","2007-013",,2007,300,300,
"gould-2007-006-install-1-database-NGCA.jpg","2007-006",,2007,300,448,
"samsung-PS42Q7H-plasma-burn-2007-005-full-database_1.jpg","2007-005",,2007,300,402,
"every-other-csny-2007-004-full-database-ih.jpg","2007-004",,2007,300,234,
"auto-tune-demo-2007-003-still-2-database-ih.jpg","2007-003",,2007,300,533,
"structural-film-2007-002-still-1-database-ih_1.jpg","2007-002",,2007,300,390,
"maxell-install-database-ih.jpg","2007-001",,2007,300,468,
"Team-NewYork-2006-09-install-1-database.jpg",,198,2006,300,450,
"Team-NewYork-2006-09-install-2-database.jpg",,198,2006,300,450,
"Team-NewYork-2006-09-install-3-database.jpg",,198,2006,300,200,
"2005-032-migros-monograph-full-database-ih.jpg","2006-032",,2006,300,215,
"The_Year_in_the_Internet_2006_020_screenshot_database_IH.jpg","2006-020",,2006,300,397,
"Gif_2006_019_full-2-database_qqq.jpg","2006-019",,2006,300,233,
"punk-rock-101-2006-012-screenshot-2-database-IH.jpg","2006-012",,2006,300,271,
"untitled-after-lucier-2006-011-still-1-database-ih.jpg","2006-011",,2006,300,401,
"The_Boys_Are_Back_2006_007_database_IH.jpg","2006-007",,2006,300,232,
"The-Bruce-Springsteen-Born-to-Run-Glockenspiel-Addendum-2006-006-db-1-IH.jpg","2006-006",,2006,300,232,
"Sweet-16-2006-005-digital-database-IH.jpg","2006-005",,2006,300,232,
"colors-2006-004-digital-still-database-ih.jpg","2006-004",,2006,300,400,
"born-to-run-2006-003-full-database-ih.jpg","2006-003",,2006,300,436,
"translation-2006-002-install-6-database.jpg","2006-002",,2006,300,450,
"sweet-16-2006-001-install-2-database-ih_1.jpg","2006-001",,2006,300,450,
"migros-zurich-2005-04-install-1-database-qm.jpg",,193,2005,300,450,
"migros-zurich-2005-04-install-2-database-qm.jpg",,193,2005,300,450,
"migros-zurich-2005-04-install-3-database-qm.jpg",,193,2005,300,450,
"DeitchProjects-NewYork-2005-01-install-1-database-ih.jpg",,202,2005,300,225,
"DeitchProjects-NewYork-2005-01-install-2-database-ih.jpg",,202,2005,300,400,
"DeitchProjects-NewYork-2005-01-install-3-database-ih.jpg",,202,2005,300,400,
"DeitchProjects-NewYork-2005-01-install-4-database-ih.jpg",,202,2005,300,400,
"deitch-ny-2005-01-install-5-database-ih.jpg",,202,2005,300,400,
"deitch-ny-2005-01-install-6-database-ih.jpg",,202,2005,300,400,
"deitch-ny-2005-01-install-7-database-ih.jpg",,202,2005,300,400,
"deitch-ny-2005-01-install-8-database-ih.jpg",,202,2005,300,400,
"deitch-ny-2005-01-install-9-database-ih.jpg",,202,2005,300,400,
"deitch-ny-2005-01-install-10-database-ih.jpg",,202,2005,300,400,
"migros-jam-2005-028-full-database-ih.jpg","2005-028",,2005,300,313,
"The_Year_in_the_Internet_2005_025_screenshot_database_IH.jpg","2005-025",,2005,300,396,
"Contagious_Media_Showdown_2005_024_screenshot_database_IH.jpg","2005-024",,2005,300,395,
"super-landscape-2005-021-install-database-migros-unknown.jpg","2005-021",,2005,300,450,
"bomb-iraq-2005-020-screenshot-database-ih--ej80.jpg","2005-020",,2005,300,400,
"Old_Friends_2005_011_still_database_IH.jpg","2005-011",,2005,300,400,
"slim-thug-2005-007-screenshot-database-ih.jpg","2005-007",,2005,300,486,
"mario-movie-2005-001-cartridge-database-ih.jpg","2005-001",,2005,300,283,
"mario-movie-2005-001-screenshot-1-database-ih.jpg","2005-001",,2005,300,320,
"mario-movie-2005-001-screenshot-2-database-ih.jpg","2005-001",,2005,300,320,
"mario-movie-2005-001-screenshot-10-database-ih.jpg","2005-001",,2005,300,320,
"mario-movie-2005-001-screenshot-15-database-ih.jpg","2005-001",,2005,300,320,
"mario-movie-2005-001-screenshot-11-database-ih.jpg","2005-001",,2005,300,320,
"tac-booklet-2005-025-full-database-ih.jpg","2004-025",,2005,300,230,
"Liste-2004-install-database-team-01.jpg",,4039,2004,300,400,
"Liste-2004-install-database-team-02.jpg",,4039,2004,300,400,
"Liste-2004-install-database-team-03.jpg",,4039,2004,300,400,
"Liste-2004-install-database-team-04.jpg",,4039,2004,300,400,
"Liste-2004-install-database-team-05.jpg",,4039,2004,300,400,
"Liste-2004-install-database-team-06.jpg",,4039,2004,300,400,
"Liste-2004-install-database-team-08.jpg",,4039,2004,300,400,
"Liste-2004-install-database-team-09.jpg",,4039,2004,300,400,
"Liste-2004-install-database-team-11.jpg",,4039,2004,300,400,
"guggenheim-new-york-2004-install-database-jones.jpg",,4245,2004,300,451,
"sans-simon-2004-014-performanceview-columbia-database-HM.jpg","2004-014",,2004,300,409,
"whitney-teen-night-2004-011-still-6-database-ih.jpg","2004-011",,2004,300,533,
"total-asshole-compression-screenshot-database-ih.jpg","2004-010",,2004,300,513,
"pizza-party-2004-009-screenshot-1-database-ih.jpg","2004-009",,2004,300,351,
"sans-simon-2004-008-database-still-2_1.jpg","2004-008",,2004,300,400,
"dooogle-2004-006-screenshot-4-database-ih.jpg","2004-006",,2004,300,385,
"rave-95-2004-005-still-1-database-ih.jpg","2004-005",,2004,300,400,
"666-2004-004-screenshot-1-database-ih.jpg","2004-004",,2004,300,494,
"super-slow-tetris-2004-003-cartridge-database-ih.jpg","2004-003",,2004,300,276,
"super-slow-tetris-2004-003-screenshot-3-database-ih.jpg","2004-003",,2004,300,320,
"super-slow-tetris-2004-003-screenshot-4-database-ih.jpg","2004-003",,2004,300,320,
"super-slow-tetris-2004-003-screenshot-5-database-ih.jpg","2004-003",,2004,300,320,
"super-slow-tetris-2004-003-screenshot-7-database-ih.jpg","2004-003",,2004,300,320,
"super-slow-tetris-2004-003-screenshot-8-database-ih.jpg","2004-003",,2004,300,320,
"f1-racer-2004-002-screen-shot-1-database-ih.jpg","2004-002",,2004,300,320,
"f1-racer-2004-002-cartridge-1-database-ih_1.jpg","2004-002",,2004,300,263,
"f1-racer-2004-002-screen-shot-2-database-ih.jpg","2004-002",,2004,300,320,
"f1-racer-2004-002-screen-shot-3-database-ih.jpg","2004-002",,2004,300,320,
"f1-racer-2004-002-screen-shot-4-database-ih.jpg","2004-002",,2004,300,320,
"space-invader-2004-001-cartridge-database-ih.jpg","2004-001",,2004,300,244,
"space-invader-2004-001-still-2-database-ih.jpg","2004-001",,2004,300,457,
"space-invader-2004-001-still-4-database-ih.jpg","2004-001",,2004,300,457,
"space-invader-2004-001-still-5-database-ih.jpg","2004-001",,2004,300,457,
"space-invader-2004-001-still-6-database-ih.jpg","2004-001",,2004,300,457,
"space-invader-2004-001-still-7-database-ih.jpg","2004-001",,2004,300,457,
"data-diaries-2003-002-still-1-database-ih.jpg","2003-002",,2003,300,602,
"fucked-2003-001-cartridge-database-ih.jpg","2003-001",,2003,300,263,
"fucked-2003-001-still-2-database-ih.jpg","2003-001",,2003,300,320,
"fucked-2003-001-still-3-database-ih.jpg","2003-001",,2003,300,320,
"Dirtstyle-Design-2002-009-screenshot-database-ih.jpg","2002-009",,2002,300,361,
"i-shot-andy-2002-002-screen-shot-5-database-ih.jpg","2002-002",,2002,300,320,
"i-shot-andywarhol-2002-002-cartridge-4-database-ih.jpg","2002-002",,2002,300,271,
"i-shot-andy-2002-002-screen-shot-1-database-ih.jpg","2002-002",,2002,300,320,
"i-shot-andy-2002-002-screen-shot-3-database-ih.jpg","2002-002",,2002,300,320,
"i-shot-andy-2002-002-install-5-database-ih.jpg","2002-002",,2002,300,225,
"i-shot-andy-2002-002-install-1-database-ih.jpg","2002-002",,2002,300,400,
"mario-clouds-2002-001-cartridge-2-database-ih.jpg","2002-001",,2002,300,273,
"5khz-1998-003-web-ih--Od5c.jpg","1998-003",,1998,300,400,
"insectiside-1991-001-still-3-database-ih.jpg","1991-001",,1991,300,395,
